year,type,all_statuses,away,empty,occupied,under_construction,unoccupied
2013,non_private,,,,8739.0,,
2013,private,1757160.0,44079.0,141366.0,1561959.0,9753.0,185448.0
2013,total,,,,1570695.0,,
2018,non_private,14583.0,1218.0,3642.0,9567.0,159.0,4860.0
2018,private,1871934.0,97449.0,94197.0,1664313.0,15972.0,191649.0
2018,total,1886517.0,98664.0,97842.0,1673880.0,16128.0,196506.0
2023,non_private,15342.0,1551.0,3159.0,10491.0,141.0,4710.0
2023,private,2041236.0,111951.0,108507.0,1793613.0,27168.0,220455.0
2023,total,2056578.0,113499.0,111666.0,1804101.0,27309.0,225168.0
