Date,Consents - Consents,Consents - Consents/Apartments,Consents - Consents/Detached,Consents - Consents/Townhouses,Consents - Consents/RetirementVillage,GFA - GFA,GFA - GFA/Apartments,GFA - GFA/Detached,GFA - GFA/Townhouses,GFA - GFA/RetirementVillage,Value - Value,Value - Value/Apartments,Value - Value/Detached,Value - Value/Townhouses,Value - Value/RetirementVillage,Dwellings
1965-04-01,,,,,,,,,,,,,,,,2239.0
1965-05-01,,,,,,,,,,,,,,,,2272.0
1965-06-01,,,,,,,,,,,,,,,,2292.0
1965-07-01,,,,,,,,,,,,,,,,2267.0
1965-08-01,,,,,,,,,,,,,,,,2230.0
1965-09-01,,,,,,,,,,,,,,,,2546.0
1965-10-01,,,,,,,,,,,,,,,,2155.0
1965-11-01,,,,,,,,,,,,,,,,2238.0
1965-12-01,,,,,,,,,,,,,,,,1909.0
1966-01-01,,,,,,,,,,,,,,,,1431.0
1966-02-01,,,,,,,,,,,,,,,,2019.0
1966-03-01,,,,,,,,,,,,,,,,2334.0
1966-04-01,,,,,,,,,,,,,,,,1943.0
1966-05-01,,,,,,,,,,,,,,,,2104.0
1966-06-01,,,,,,,,,,,,,,,,2018.0
1966-07-01,,,,,,,,,,,,,,,,1997.0
1966-08-01,,,,,,,,,,,,,,,,2132.0
1966-09-01,,,,,,,,,,,,,,,,2296.0
1966-10-01,,,,,,,,,,,,,,,,2046.0
1966-11-01,,,,,,,,,,,,,,,,2048.0
1966-12-01,,,,,,,,,,,,,,,,1830.0
1967-01-01,,,,,,,,,,,,,,,,1463.0
1967-02-01,,,,,,,,,,,,,,,,1948.0
1967-03-01,,,,,,,,,,,,,,,,2221.0
1967-04-01,,,,,,,,,,,,,,,,1643.0
1967-05-01,,,,,,,,,,,,,,,,1749.0
1967-06-01,,,,,,,,,,,,,,,,1712.0
1967-07-01,,,,,,,,,,,,,,,,1769.0
1967-08-01,,,,,,,,,,,,,,,,2033.0
1967-09-01,,,,,,,,,,,,,,,,1951.0
1967-10-01,,,,,,,,,,,,,,,,2078.0
1967-11-01,,,,,,,,,,,,,,,,1913.0
1967-12-01,,,,,,,,,,,,,,,,1382.0
1968-01-01,,,,,,,,,,,,,,,,1323.0
1968-02-01,,,,,,,,,,,,,,,,1866.0
1968-03-01,,,,,,,,,,,,,,,,1946.0
1968-04-01,,,,,,,,,,,,,,,,1483.0
1968-05-01,,,,,,,,,,,,,,,,1839.0
1968-06-01,,,,,,,,,,,,,,,,1597.0
1968-07-01,,,,,,,,,,,,,,,,2016.0
1968-08-01,,,,,,,,,,,,,,,,2054.0
1968-09-01,,,,,,,,,,,,,,,,2137.0
1968-10-01,,,,,,,,,,,,,,,,2117.0
1968-11-01,,,,,,,,,,,,,,,,1930.0
1968-12-01,,,,,,,,,,,,,,,,1544.0
1969-01-01,,,,,,,,,,,,,,,,1567.0
1969-02-01,,,,,,,,,,,,,,,,1966.0
1969-03-01,,,,,,,,,,,,,,,,2068.0
1969-04-01,,,,,,,,,,,,,,,,1874.0
1969-05-01,,,,,,,,,,,,,,,,2032.0
1969-06-01,,,,,,,,,,,,,,,,1893.0
1969-07-01,,,,,,,,,,,,,,,,2124.0
1969-08-01,,,,,,,,,,,,,,,,1996.0
1969-09-01,,,,,,,,,,,,,,,,2156.0
1969-10-01,,,,,,,,,,,,,,,,2103.0
1969-11-01,,,,,,,,,,,,,,,,1928.0
1969-12-01,,,,,,,,,,,,,,,,1627.0
1970-01-01,,,,,,,,,,,,,,,,1460.0
1970-02-01,,,,,,,,,,,,,,,,1792.0
1970-03-01,,,,,,,,,,,,,,,,2099.0
1970-04-01,,,,,,,,,,,,,,,,2092.0
1970-05-01,,,,,,,,,,,,,,,,1987.0
1970-06-01,,,,,,,,,,,,,,,,1910.0
1970-07-01,,,,,,,,,,,,,,,,2163.0
1970-08-01,,,,,,,,,,,,,,,,2010.0
1970-09-01,,,,,,,,,,,,,,,,2234.0
1970-10-01,,,,,,,,,,,,,,,,2135.0
1970-11-01,,,,,,,,,,,,,,,,2129.0
1970-12-01,,,,,,,,,,,,,,,,1656.0
1971-01-01,,,,,,,,,,,,,,,,1471.0
1971-02-01,,,,,,,,,,,,,,,,1691.0
1971-03-01,,,,,,,,,,,,,,,,2201.0
1971-04-01,,,,,,,,,,,,,,,,1680.0
1971-05-01,,,,,,,,,,,,,,,,1998.0
1971-06-01,,,,,,,,,,,,,,,,1874.0
1971-07-01,,,,,,,,,,,,,,,,2011.0
1971-08-01,,,,,,,,,,,,,,,,2142.0
1971-09-01,,,,,,,,,,,,,,,,2211.0
1971-10-01,,,,,,,,,,,,,,,,2216.0
1971-11-01,,,,,,,,,,,,,,,,2425.0
1971-12-01,,,,,,,,,,,,,,,,1876.0
1972-01-01,,,,,,,,,,,,,,,,1342.0
1972-02-01,,,,,,,,,,,,,,,,2212.0
1972-03-01,,,,,,,,,,,,,,,,2346.0
1972-04-01,,,,,,,,,,,,,,,,1957.0
1972-05-01,,,,,,,,,,,,,,,,2856.0
1972-06-01,,,,,,,,,,,,,,,,2592.0
1972-07-01,,,,,,,,,,,,,,,,2562.0
1972-08-01,,,,,,,,,,,,,,,,3044.0
1972-09-01,,,,,,,,,,,,,,,,2934.0
1972-10-01,,,,,,,,,,,,,,,,2973.0
1972-11-01,,,,,,,,,,,,,,,,2938.0
1972-12-01,,,,,,,,,,,,,,,,2241.0
1973-01-01,,,,,,,,,,,,,,,,2039.0
1973-02-01,,,,,,,,,,,,,,,,2811.0
1973-03-01,,,,,,,,,,,,,,,,3826.0
1973-04-01,,,,,,,,,,,,,,,,2842.0
1973-05-01,,,,,,,,,,,,,,,,3675.0
1973-06-01,,,,,,,,,,,,,,,,3253.0
1973-07-01,,,,,,,,,,,,,,,,3564.0
1973-08-01,,,,,,,,,,,,,,,,3750.0
1973-09-01,,,,,,,,,,,,,,,,3293.0
1973-10-01,,,,,,,,,,,,,,,,4081.0
1973-11-01,,,,,,,,,,,,,,,,3860.0
1973-12-01,,,,,,,,,,,,,,,,2772.0
1974-01-01,,,,,,,,,,,,,,,,2277.0
1974-02-01,,,,,,,,,,,,,,,,2832.0
1974-03-01,,,,,,,,,,,,,,,,3535.0
1974-04-01,,,,,,,,,,,,,,,,2633.0
1974-05-01,,,,,,,,,,,,,,,,3786.0
1974-06-01,,,,,,,,,,,,,,,,2986.0
1974-07-01,,,,,,,,,,,,,,,,3099.0
1974-08-01,,,,,,,,,,,,,,,,3190.0
1974-09-01,,,,,,,,,,,,,,,,2868.0
1974-10-01,,,,,,,,,,,,,,,,2967.0
1974-11-01,,,,,,,,,,,,,,,,2697.0
1974-12-01,,,,,,,,,,,,,,,,2166.0
1975-01-01,,,,,,,,,,,,,,,,1683.0
1975-02-01,,,,,,,,,,,,,,,,1982.0
1975-03-01,,,,,,,,,,,,,,,,3044.0
1975-04-01,,,,,,,,,,,,,,,,2634.0
1975-05-01,,,,,,,,,,,,,,,,2829.0
1975-06-01,,,,,,,,,,,,,,,,2535.0
1975-07-01,,,,,,,,,,,,,,,,2980.0
1975-08-01,,,,,,,,,,,,,,,,2754.0
1975-09-01,,,,,,,,,,,,,,,,2854.0
1975-10-01,,,,,,,,,,,,,,,,2829.0
1975-11-01,,,,,,,,,,,,,,,,2484.0
1975-12-01,,,,,,,,,,,,,,,,2603.0
1976-01-01,,,,,,,,,,,,,,,,1767.0
1976-02-01,,,,,,,,,,,,,,,,2478.0
1976-03-01,,,,,,,,,,,,,,,,3442.0
1976-04-01,,,,,,,,,,,,,,,,2308.0
1976-05-01,,,,,,,,,,,,,,,,2601.0
1976-06-01,,,,,,,,,,,,,,,,2564.0
1976-07-01,,,,,,,,,,,,,,,,2648.0
1976-08-01,,,,,,,,,,,,,,,,2510.0
1976-09-01,,,,,,,,,,,,,,,,2720.0
1976-10-01,,,,,,,,,,,,,,,,2627.0
1976-11-01,,,,,,,,,,,,,,,,2951.0
1976-12-01,,,,,,,,,,,,,,,,2581.0
1977-01-01,,,,,,,,,,,,,,,,1520.0
1977-02-01,,,,,,,,,,,,,,,,2328.0
1977-03-01,,,,,,,,,,,,,,,,2796.0
1977-04-01,,,,,,,,,,,,,,,,1794.0
1977-05-01,,,,,,,,,,,,,,,,2281.0
1977-06-01,,,,,,,,,,,,,,,,1952.0
1977-07-01,,,,,,,,,,,,,,,,1736.0
1977-08-01,,,,,,,,,,,,,,,,2092.0
1977-09-01,,,,,,,,,,,,,,,,1869.0
1977-10-01,,,,,,,,,,,,,,,,1750.0
1977-11-01,,,,,,,,,,,,,,,,1988.0
1977-12-01,,,,,,,,,,,,,,,,1687.0
1978-01-01,,,,,,,,,,,,,,,,964.0
1978-02-01,,,,,,,,,,,,,,,,1317.0
1978-03-01,,,,,,,,,,,,,,,,1775.0
1978-04-01,,,,,,,,,,,,,,,,1308.0
1978-05-01,,,,,,,,,,,,,,,,1706.0
1978-06-01,,,,,,,,,,,,,,,,1549.0
1978-07-01,,,,,,,,,,,,,,,,1604.0
1978-08-01,,,,,,,,,,,,,,,,1878.0
1978-09-01,,,,,,,,,,,,,,,,1822.0
1978-10-01,,,,,,,,,,,,,,,,1795.0
1978-11-01,,,,,,,,,,,,,,,,1977.0
1978-12-01,,,,,,,,,,,,,,,,1437.0
1979-01-01,,,,,,,,,,,,,,,,1015.0
1979-02-01,,,,,,,,,,,,,,,,1329.0
1979-03-01,,,,,,,,,,,,,,,,1630.0
1979-04-01,,,,,,,,,,,,,,,,1109.0
1979-05-01,,,,,,,,,,,,,,,,1288.0
1979-06-01,,,,,,,,,,,,,,,,1168.0
1979-07-01,,,,,,,,,,,,,,,,1316.0
1979-08-01,,,,,,,,,,,,,,,,1337.0
1979-09-01,,,,,,,,,,,,,,,,1344.0
1979-10-01,,,,,,,,,,,,,,,,1525.0
1979-11-01,,,,,,,,,,,,,,,,1448.0
1979-12-01,,,,,,,,,,,,,,,,1073.0
1980-01-01,,,,,,,,,,,,,,,,987.0
1980-02-01,,,,,,,,,,,,,,,,1232.0
1980-03-01,,,,,,,,,,,,,,,,1370.0
1980-04-01,,,,,,,,,,,,,,,,1092.0
1980-05-01,,,,,,,,,,,,,,,,1390.0
1980-06-01,,,,,,,,,,,,,,,,1090.0
1980-07-01,,,,,,,,,,,,,,,,1247.0
1980-08-01,,,,,,,,,,,,,,,,1236.0
1980-09-01,,,,,,,,,,,,,,,,1353.0
1980-10-01,,,,,,,,,,,,,,,,1237.0
1980-11-01,,,,,,,,,,,,,,,,1179.0
1980-12-01,,,,,,,,,,,,,,,,1251.0
1981-01-01,,,,,,,,,,,,,,,,876.0
1981-02-01,,,,,,,,,,,,,,,,1105.0
1981-03-01,,,,,,,,,,,,,,,,1386.0
1981-04-01,,,,,,,,,,,,,,,,1230.0
1981-05-01,,,,,,,,,,,,,,,,1516.0
1981-06-01,,,,,,,,,,,,,,,,1446.0
1981-07-01,,,,,,,,,,,,,,,,1494.0
1981-08-01,,,,,,,,,,,,,,,,1457.0
1981-09-01,,,,,,,,,,,,,,,,1757.0
1981-10-01,,,,,,,,,,,,,,,,1767.0
1981-11-01,,,,,,,,,,,,,,,,1870.0
1981-12-01,,,,,,,,,,,,,,,,1900.0
1982-01-01,,,,,,,,,,,,,,,,1096.0
1982-02-01,,,,,,,,,,,,,,,,1510.0
1982-03-01,,,,,,,,,,,,,,,,1963.0
1982-04-01,,,,,,,,,,,,,,,,1514.0
1982-05-01,,,,,,,,,,,,,,,,1546.0
1982-06-01,,,,,,,,,,,,,,,,1410.0
1982-07-01,,,,,,,,,,,,,,,,1329.0
1982-08-01,,,,,,,,,,,,,,,,1312.0
1982-09-01,,,,,,,,,,,,,,,,1232.0
1982-10-01,,,,,,,,,,,,,,,,1232.0
1982-11-01,,,,,,,,,,,,,,,,1401.0
1982-12-01,,,,,,,,,,,,,,,,1351.0
1983-01-01,,,,,,,,,,,,,,,,871.0
1983-02-01,,,,,,,,,,,,,,,,1197.0
1983-03-01,,,,,,,,,,,,,,,,1604.0
1983-04-01,,,,,,,,,,,,,,,,1262.0
1983-05-01,,,,,,,,,,,,,,,,1576.0
1983-06-01,,,,,,,,,,,,,,,,1391.0
1983-07-01,,,,,,,,,,,,,,,,1392.0
1983-08-01,,,,,,,,,,,,,,,,1629.0
1983-09-01,,,,,,,,,,,,,,,,1905.0
1983-10-01,,,,,,,,,,,,,,,,1919.0
1983-11-01,,,,,,,,,,,,,,,,2015.0
1983-12-01,,,,,,,,,,,,,,,,1868.0
1984-01-01,,,,,,,,,,,,,,,,1290.0
1984-02-01,,,,,,,,,,,,,,,,1875.0
1984-03-01,,,,,,,,,,,,,,,,2104.0
1984-04-01,,,,,,,,,,,,,,,,1468.0
1984-05-01,,,,,,,,,,,,,,,,2079.0
1984-06-01,,,,,,,,,,,,,,,,1568.0
1984-07-01,,,,,,,,,,,,,,,,1779.0
1984-08-01,,,,,,,,,,,,,,,,1944.0
1984-09-01,,,,,,,,,,,,,,,,1839.0
1984-10-01,,,,,,,,,,,,,,,,2103.0
1984-11-01,,,,,,,,,,,,,,,,2127.0
1984-12-01,,,,,,,,,,,,,,,,1677.0
1985-01-01,,,,,,,,,,,,,,,,1410.0
1985-02-01,,,,,,,,,,,,,,,,1682.0
1985-03-01,,,,,,,,,,,,,,,,2106.0
1985-04-01,,,,,,,,,,,,,,,,1745.0
1985-05-01,,,,,,,,,,,,,,,,2286.0
1985-06-01,,,,,,,,,,,,,,,,1968.0
1985-07-01,,,,,,,,,,,,,,,,2379.0
1985-08-01,,,,,,,,,,,,,,,,2286.0
1985-09-01,,,,,,,,,,,,,,,,2204.0
1985-10-01,,,,,,,,,,,,,,,,2285.0
1985-11-01,,,,,,,,,,,,,,,,2144.0
1985-12-01,,,,,,,,,,,,,,,,1528.0
1986-01-01,,,,,,,,,,,,,,,,1275.0
1986-02-01,,,,,,,,,,,,,,,,1398.0
1986-03-01,,,,,,,,,,,,,,,,1537.0
1986-04-01,,,,,,,,,,,,,,,,1689.0
1986-05-01,,,,,,,,,,,,,,,,1756.0
1986-06-01,,,,,,,,,,,,,,,,1656.0
1986-07-01,,,,,,,,,,,,,,,,2205.0
1986-08-01,,,,,,,,,,,,,,,,2080.0
1986-09-01,,,,,,,,,,,,,,,,2324.0
1986-10-01,,,,,,,,,,,,,,,,1429.0
1986-11-01,,,,,,,,,,,,,,,,1579.0
1986-12-01,,,,,,,,,,,,,,,,1379.0
1987-01-01,,,,,,,,,,,,,,,,1077.0
1987-02-01,,,,,,,,,,,,,,,,1268.0
1987-03-01,,,,,,,,,,,,,,,,1686.0
1987-04-01,,,,,,,,,,,,,,,,1414.0
1987-05-01,,,,,,,,,,,,,,,,1526.0
1987-06-01,,,,,,,,,,,,,,,,1600.0
1987-07-01,,,,,,,,,,,,,,,,1899.0
1987-08-01,,,,,,,,,,,,,,,,1649.0
1987-09-01,,,,,,,,,,,,,,,,1943.0
1987-10-01,,,,,,,,,,,,,,,,1944.0
1987-11-01,,,,,,,,,,,,,,,,1846.0
1987-12-01,,,,,,,,,,,,,,,,1794.0
1988-01-01,,,,,,,,,,,,,,,,1230.0
1988-02-01,,,,,,,,,,,,,,,,1538.0
1988-03-01,,,,,,,,,,,,,,,,1503.0
1988-04-01,,,,,,,,,,,,,,,,1261.0
1988-05-01,,,,,,,,,,,,,,,,1538.0
1988-06-01,,,,,,,,,,,,,,,,1603.0
1988-07-01,,,,,,,,,,,,,,,,1459.0
1988-08-01,,,,,,,,,,,,,,,,1669.0
1988-09-01,,,,,,,,,,,,,,,,1760.0
1988-10-01,,,,,,,,,,,,,,,,1713.0
1988-11-01,,,,,,,,,,,,,,,,2071.0
1988-12-01,,,,,,,,,,,,,,,,1739.0
1989-01-01,,,,,,,,,,,,,,,,1279.0
1989-02-01,,,,,,,,,,,,,,,,1554.0
1989-03-01,,,,,,,,,,,,,,,,1937.0
1989-04-01,,,,,,,,,,,,,,,,1762.0
1989-05-01,,,,,,,,,,,,,,,,2150.0
1989-06-01,,,,,,,,,,,,,,,,1893.0
1989-07-01,,,,,,,,,,,,,,,,1641.0
1989-08-01,,,,,,,,,,,,,,,,1929.0
1989-09-01,,,,,,,,,,,,,,,,1948.0
1989-10-01,,,,,,,,,,,,,,,,2207.0
1989-11-01,,,,,,,,,,,,,,,,2178.0
1989-12-01,,,,,,,,,,,,,,,,1784.0
1990-01-01,,,,,,,,,,,,,,,,1598.0
1990-02-01,,,,,,,,,,,,,,,,1738.0
1990-03-01,,,,,,,,,,,,,,,,2023.0
1990-04-01,1607.0,68.0,1117.0,422.0,16.0,216590.0,6568.0,166572.0,43450.0,831.0,149798743.0,4690792.0,112653165.0,32454786.0,739200.0,1623.0
1990-05-01,2114.0,112.0,1462.0,540.0,15.0,282721.0,12801.0,211959.0,57961.0,1734.0,199349020.0,11262439.0,145708545.0,42378036.0,929162.0,2129.0
1990-06-01,1763.0,98.0,1255.0,410.0,17.0,243969.0,9808.0,188834.0,45327.0,1543.0,170529261.0,7113811.0,130401343.0,33014107.0,1751000.0,1780.0
1990-07-01,1781.0,110.0,1299.0,372.0,2.0,245114.0,12111.0,191392.0,41611.0,349.0,169606643.0,8018292.0,130923246.0,30665105.0,226300.0,1783.0
1990-08-01,1870.0,185.0,1347.0,338.0,4.0,260845.0,19474.0,203182.0,38189.0,486.0,180383101.0,13959155.0,138410789.0,28013157.0,404700.0,1874.0
1990-09-01,1779.0,115.0,1241.0,423.0,10.0,243052.0,12026.0,185331.0,45695.0,720.0,172895805.0,9376667.0,127786892.0,35732246.0,506300.0,1789.0
1990-10-01,2087.0,155.0,1451.0,481.0,8.0,277470.0,14868.0,214184.0,48418.0,560.0,195318471.0,11095911.0,145993557.0,38229003.0,394000.0,2095.0
1990-11-01,2040.0,122.0,1398.0,520.0,48.0,275978.0,12800.0,209415.0,53763.0,4347.0,195641644.0,9401270.0,143322071.0,42918303.0,7738000.0,2088.0
1990-12-01,1586.0,111.0,1027.0,448.0,10.0,209024.0,10805.0,154322.0,43897.0,1106.0,149671416.0,7740497.0,106501566.0,35429353.0,1201566.0,1596.0
1991-01-01,1309.0,135.0,871.0,303.0,9.0,181581.0,17267.0,131754.0,32560.0,754.0,130796155.0,13708994.0,91224429.0,25862732.0,603725.0,1318.0
1991-02-01,1277.0,86.0,921.0,270.0,1.0,177880.0,8798.0,139247.0,29835.0,128.0,125401583.0,8588653.0,94534073.0,22278857.0,92000.0,1278.0
1991-03-01,1461.0,61.0,1087.0,313.0,6.0,199646.0,5736.0,162467.0,31443.0,603.0,143493545.0,4043777.0,113853151.0,25596617.0,336900.0,1467.0
1991-04-01,1376.0,67.0,970.0,339.0,15.0,182583.0,6115.0,144411.0,32057.0,1446.0,130400241.0,4463676.0,100225881.0,25710684.0,1276500.0,1391.0
1991-05-01,1587.0,102.0,1089.0,396.0,1.0,214031.0,9631.0,163249.0,41151.0,158.0,149396861.0,6767376.0,111200148.0,31429337.0,122000.0,1588.0
1991-06-01,1282.0,111.0,892.0,279.0,8.0,171219.0,9379.0,131525.0,30315.0,691.0,119397705.0,7124170.0,89106388.0,23167147.0,549950.0,1290.0
1991-07-01,1464.0,91.0,1047.0,326.0,4.0,199339.0,8780.0,156808.0,33751.0,397.0,138674119.0,6649936.0,107997286.0,24026897.0,376150.0,1468.0
1991-08-01,1390.0,106.0,1019.0,265.0,7.0,201026.0,11194.0,158405.0,31427.0,762.0,135594381.0,7150354.0,107419369.0,21024658.0,579000.0,1397.0
1991-09-01,1634.0,140.0,1159.0,335.0,14.0,228501.0,13455.0,175027.0,40019.0,1630.0,158658098.0,8986247.0,120978933.0,28692918.0,1610150.0,1648.0
1991-10-01,1635.0,109.0,1208.0,318.0,11.0,229656.0,11369.0,185284.0,33003.0,1356.0,157504681.0,7123825.0,126618605.0,23762251.0,1102900.0,1646.0
1991-11-01,1549.0,107.0,1073.0,369.0,3.0,226006.0,10512.0,175249.0,40245.0,344.0,149012911.0,8214649.0,111516924.0,29281338.0,252150.0,1552.0
1991-12-01,1470.0,82.0,1044.0,344.0,5.0,213378.0,7671.0,169552.0,36155.0,886.0,146505800.0,5051022.0,114323621.0,27131157.0,568332.0,1475.0
1992-01-01,1164.0,51.0,883.0,230.0,2.0,175427.0,4996.0,144473.0,25958.0,253.0,122574103.0,3874192.0,99474967.0,19224944.0,154234.0,1166.0
1992-02-01,1320.0,46.0,995.0,279.0,54.0,197742.0,4986.0,158831.0,33925.0,5892.0,137948085.0,3366066.0,110724325.0,23857694.0,3315000.0,1374.0
1992-03-01,1529.0,82.0,1051.0,396.0,39.0,209709.0,8641.0,160556.0,40512.0,3197.0,146305680.0,6490092.0,109388722.0,30426866.0,2604281.0,1568.0
1992-04-01,1501.0,82.0,1076.0,343.0,16.0,218884.0,7556.0,172207.0,39121.0,1308.0,146631035.0,4850752.0,114823820.0,26956463.0,1333665.0,1517.0
1992-05-01,1419.0,59.0,1042.0,318.0,18.0,210162.0,5470.0,166231.0,38461.0,2171.0,143498466.0,3938499.0,112229244.0,27330723.0,1488600.0,1437.0
1992-06-01,1404.0,75.0,1015.0,314.0,6.0,211832.0,8414.0,167368.0,36050.0,470.0,140807627.0,5833119.0,110537295.0,24437213.0,240300.0,1410.0
1992-07-01,1450.0,48.0,1095.0,307.0,22.0,223131.0,4182.0,182175.0,36774.0,1995.0,150428426.0,3154500.0,121333106.0,25940820.0,1771000.0,1472.0
1992-08-01,1439.0,53.0,1038.0,348.0,12.0,217985.0,4936.0,169714.0,43335.0,1374.0,146787386.0,3131554.0,113505752.0,30150080.0,979300.0,1451.0
1992-09-01,1414.0,53.0,1064.0,297.0,16.0,217881.0,5792.0,175930.0,36159.0,1771.0,146135088.0,3804255.0,117372730.0,24958103.0,1475394.0,1430.0
1992-10-01,1563.0,70.0,1177.0,316.0,2.0,247394.0,6196.0,200275.0,40923.0,252.0,168143540.0,4205301.0,134346050.0,29592189.0,170000.0,1565.0
1992-11-01,1609.0,78.0,1241.0,290.0,3.0,253118.0,8520.0,209982.0,34616.0,528.0,169759101.0,5562565.0,139496408.0,24700128.0,337000.0,1612.0
1992-12-01,1708.0,75.0,1379.0,254.0,29.0,272194.0,6323.0,235684.0,30187.0,2883.0,182126244.0,4443049.0,156007935.0,21675260.0,1940218.0,1737.0
1993-01-01,1313.0,202.0,853.0,258.0,13.0,200293.0,18084.0,146228.0,35981.0,1412.0,128284281.0,9564601.0,97513838.0,21205842.0,919675.0,1326.0
1993-02-01,1384.0,60.0,953.0,371.0,40.0,211978.0,5445.0,158328.0,48205.0,3502.0,148112696.0,3996870.0,110416381.0,33699445.0,2502673.0,1424.0
1993-03-01,1520.0,72.0,1172.0,276.0,4.0,243752.0,7155.0,203209.0,33388.0,447.0,168876636.0,5223051.0,138242050.0,25411535.0,298000.0,1524.0
1993-04-01,1443.0,55.0,1160.0,228.0,12.0,230662.0,5591.0,196826.0,28245.0,1372.0,156256056.0,4182743.0,131460730.0,20612583.0,981458.0,1455.0
1993-05-01,1512.0,70.0,1208.0,234.0,5.0,245859.0,7197.0,209625.0,29037.0,369.0,167764105.0,4573542.0,142040010.0,21150553.0,352500.0,1517.0
1993-06-01,1557.0,82.0,1200.0,275.0,4.0,245431.0,7867.0,204724.0,32840.0,815.0,171356012.0,5541139.0,139733827.0,26081046.0,424000.0,1561.0
1993-07-01,1561.0,134.0,1183.0,244.0,2.0,252059.0,13277.0,207943.0,30839.0,222.0,176371543.0,8309695.0,144628857.0,23432991.0,219000.0,1563.0
1993-08-01,1722.0,126.0,1244.0,352.0,5.0,274646.0,16670.0,214194.0,43782.0,763.0,191183252.0,14024646.0,144464305.0,32694301.0,549000.0,1727.0
1993-09-01,1723.0,119.0,1204.0,400.0,3.0,267820.0,14424.0,209237.0,44159.0,333.0,190975019.0,15094330.0,142887221.0,32993468.0,267584.0,1726.0
1993-10-01,1523.0,52.0,1139.0,332.0,43.0,241524.0,5372.0,196081.0,40071.0,4132.0,169457095.0,2989119.0,137579747.0,28888229.0,1575623.0,1566.0
1993-11-01,1787.0,79.0,1336.0,372.0,6.0,284264.0,8607.0,229745.0,45912.0,699.0,198868374.0,7246710.0,156725416.0,34896248.0,418000.0,1793.0
1993-12-01,1538.0,33.0,1224.0,281.0,17.0,258649.0,3751.0,215844.0,39054.0,1942.0,178023273.0,2626637.0,148896873.0,26499763.0,1721000.0,1555.0
1994-01-01,1293.0,74.0,945.0,274.0,6.0,210052.0,6983.0,169098.0,33971.0,740.0,149916754.0,5417136.0,119707454.0,24792164.0,527000.0,1299.0
1994-02-01,1641.0,61.0,1153.0,427.0,0.0,270886.0,6976.0,204518.0,59392.0,0.0,191022430.0,3412679.0,144019607.0,43590144.0,0.0,1641.0
1994-03-01,1947.0,205.0,1347.0,395.0,11.0,306685.0,11887.0,242924.0,51874.0,1750.0,226384287.0,16087421.0,170632062.0,39664804.0,1295000.0,1958.0
1994-04-01,1587.0,41.0,1209.0,337.0,6.0,261811.0,3620.0,212456.0,45735.0,768.0,190719687.0,3582339.0,150262028.0,36875320.0,577600.0,1593.0
1994-05-01,2040.0,202.0,1410.0,428.0,57.0,328209.0,23104.0,251776.0,53329.0,5776.0,236626383.0,14016654.0,179024716.0,43585013.0,4321000.0,2097.0
1994-06-01,1817.0,125.0,1289.0,403.0,28.0,298933.0,14299.0,231571.0,53063.0,2544.0,214852738.0,11551330.0,163150393.0,40151015.0,2102572.0,1845.0
1994-07-01,1962.0,100.0,1387.0,475.0,27.0,328413.0,10554.0,251510.0,66349.0,2994.0,235308260.0,8689000.0,176402283.0,50216977.0,2106214.0,1989.0
1994-08-01,2141.0,147.0,1523.0,471.0,2.0,354823.0,16620.0,276783.0,61420.0,395.0,255864443.0,11440900.0,197083846.0,47339697.0,215000.0,2143.0
1994-09-01,2078.0,132.0,1481.0,465.0,9.0,349094.0,16370.0,269398.0,63326.0,829.0,252669230.0,9968138.0,194642170.0,48058922.0,660050.0,2087.0
1994-10-01,2078.0,127.0,1494.0,457.0,8.0,345317.0,11706.0,272193.0,61418.0,1009.0,250658083.0,9491693.0,195073349.0,46093041.0,739000.0,2086.0
1994-11-01,2489.0,336.0,1620.0,533.0,20.0,400753.0,38079.0,295925.0,66749.0,2321.0,295485189.0,29942497.0,213191160.0,52351532.0,1976020.0,2509.0
1994-12-01,1835.0,107.0,1372.0,356.0,17.0,317960.0,15698.0,254707.0,47555.0,1890.0,231372179.0,13543500.0,180660839.0,37167840.0,1640000.0,1852.0
1995-01-01,1502.0,101.0,1087.0,314.0,4.0,256785.0,11408.0,203539.0,41838.0,560.0,186243392.0,5609000.0,147723906.0,32910486.0,547000.0,1506.0
1995-02-01,1906.0,246.0,1190.0,470.0,8.0,325947.0,42161.0,221664.0,62122.0,748.0,240945159.0,30793287.0,161486408.0,48665464.0,625000.0,1914.0
1995-03-01,2041.0,177.0,1423.0,441.0,19.0,347711.0,21660.0,263667.0,62384.0,1955.0,258850976.0,14264618.0,193640086.0,50946272.0,1261500.0,2060.0
1995-04-01,1445.0,97.0,1039.0,309.0,34.0,244397.0,11682.0,189127.0,43588.0,2936.0,184435992.0,14712500.0,137596805.0,32126687.0,2069832.0,1479.0
1995-05-01,1748.0,126.0,1215.0,407.0,82.0,299757.0,20570.0,223567.0,55620.0,11345.0,223006693.0,16850191.0,164002517.0,42153985.0,7234944.0,1830.0
1995-06-01,1760.0,232.0,1057.0,471.0,20.0,307179.0,39804.0,199445.0,67930.0,1558.0,218483212.0,16821750.0,149413401.0,52248061.0,1074600.0,1780.0
1995-07-01,1482.0,36.0,1094.0,352.0,21.0,257202.0,4221.0,202549.0,50432.0,2399.0,192473495.0,3860331.0,149198769.0,39414395.0,1605000.0,1503.0
1995-08-01,1743.0,146.0,1246.0,351.0,17.0,295381.0,19805.0,226927.0,48649.0,1279.0,246307769.0,43622200.0,165957735.0,36727834.0,864500.0,1760.0
1995-09-01,1710.0,86.0,1204.0,420.0,49.0,291471.0,9846.0,222674.0,58951.0,4991.0,211099849.0,6720550.0,161846423.0,42532876.0,3556685.0,1759.0
1995-10-01,1916.0,115.0,1386.0,415.0,108.0,329474.0,15763.0,258699.0,55012.0,10034.0,239718828.0,10579862.0,189444569.0,39694397.0,9763000.0,2024.0
1995-11-01,1849.0,84.0,1408.0,357.0,29.0,327425.0,15620.0,260553.0,51252.0,3132.0,241007454.0,9594625.0,192761366.0,38651463.0,2664211.0,1878.0
1995-12-01,1579.0,50.0,1192.0,337.0,42.0,274090.0,4525.0,221936.0,47629.0,6238.0,203782050.0,5230050.0,163165736.0,35386264.0,6063101.0,1621.0
1996-01-01,1498.0,65.0,1146.0,287.0,14.0,266152.0,7775.0,219212.0,39165.0,984.0,204928179.0,7532820.0,166226011.0,31169348.0,776000.0,1512.0
1996-02-01,1904.0,119.0,1356.0,429.0,5.0,332411.0,11517.0,264608.0,56286.0,523.0,252018212.0,7575649.0,198760815.0,45681748.0,450000.0,1909.0
1996-03-01,2155.0,242.0,1503.0,410.0,32.0,366455.0,34664.0,275017.0,56774.0,2745.0,285067931.0,29193050.0,210616589.0,45258292.0,4077000.0,2187.0
1996-04-01,1943.0,191.0,1394.0,358.0,57.0,322075.0,16211.0,258385.0,47479.0,6265.0,238297735.0,5389620.0,195874738.0,37033377.0,5463924.0,2000.0
1996-05-01,2317.0,192.0,1604.0,521.0,20.0,379756.0,16465.0,292806.0,70485.0,1960.0,295993221.0,16842050.0,224417218.0,54733953.0,1557000.0,2337.0
1996-06-01,1671.0,90.0,1299.0,282.0,14.0,305729.0,16017.0,231760.0,57952.0,428.0,229142052.0,19177560.0,179933944.0,30030548.0,885800.0,1685.0
1996-07-01,1802.0,5.0,1434.0,363.0,42.0,314683.0,776.0,262399.0,51508.0,4732.0,236496744.0,958376.0,199722016.0,35816352.0,4721464.0,1844.0
1996-08-01,1812.0,60.0,1416.0,336.0,1.0,308924.0,3178.0,261558.0,44188.0,90.0,247809002.0,12397600.0,203003664.0,32407738.0,79000.0,1813.0
1996-09-01,1804.0,41.0,1452.0,311.0,9.0,311257.0,3731.0,263215.0,44311.0,820.0,234036173.0,3148780.0,199693461.0,31193932.0,612000.0,1813.0
1996-10-01,1819.0,28.0,1482.0,309.0,56.0,322024.0,4759.0,272760.0,44505.0,7794.0,244203697.0,4750100.0,207813155.0,31640442.0,5254600.0,1875.0
1996-11-01,2030.0,86.0,1652.0,292.0,15.0,359519.0,18310.0,301487.0,39722.0,1392.0,268556781.0,13288650.0,228206101.0,27062030.0,1045673.0,2045.0
1996-12-01,1731.0,37.0,1404.0,290.0,72.0,296648.0,5226.0,255415.0,36007.0,5988.0,230315322.0,3800000.0,198271936.0,28243386.0,3044600.0,1803.0
1997-01-01,1599.0,46.0,1288.0,265.0,44.0,277952.0,4176.0,235119.0,38657.0,4222.0,215422177.0,3989235.0,184273281.0,27159661.0,3338063.0,1643.0
1997-02-01,1756.0,3.0,1314.0,439.0,31.0,291707.0,177.0,235343.0,56187.0,2896.0,228023319.0,155000.0,186029020.0,41839299.0,1901700.0,1787.0
1997-03-01,1797.0,222.0,1359.0,216.0,24.0,295767.0,26539.0,241527.0,27701.0,2196.0,233812730.0,21949000.0,190724135.0,21139595.0,1653720.0,1821.0
1997-04-01,2013.0,90.0,1621.0,302.0,32.0,332378.0,11451.0,280733.0,40194.0,3310.0,259620775.0,9862500.0,219220280.0,30537995.0,2272000.0,2045.0
1997-05-01,2060.0,158.0,1556.0,346.0,34.0,340384.0,16718.0,277331.0,46335.0,3041.0,267468204.0,14341000.0,217547404.0,35579800.0,2585750.0,2094.0
1997-06-01,1992.0,264.0,1448.0,280.0,74.0,313792.0,21988.0,258655.0,33149.0,10243.0,244513167.0,14010165.0,204825102.0,25677900.0,5873412.0,2066.0
1997-07-01,2306.0,149.0,1740.0,417.0,38.0,382237.0,21447.0,310337.0,50453.0,5801.0,308015569.0,16452904.0,251685233.0,39877432.0,4527750.0,2344.0
1997-08-01,2051.0,117.0,1562.0,372.0,55.0,331645.0,11934.0,274432.0,45279.0,5718.0,266667032.0,13910000.0,215932707.0,36824325.0,3853483.0,2106.0
1997-09-01,2653.0,403.0,1744.0,506.0,77.0,401684.0,29393.0,307993.0,64298.0,12499.0,327162226.0,37322000.0,241857876.0,47982350.0,8878150.0,2730.0
1997-10-01,2162.0,164.0,1738.0,260.0,10.0,349437.0,9846.0,307741.0,31850.0,1110.0,279343476.0,10092229.0,245359769.0,23891478.0,970000.0,2172.0
1997-11-01,2147.0,185.0,1663.0,299.0,19.0,344525.0,21385.0,288155.0,34985.0,1466.0,276489925.0,15116000.0,234226668.0,27147257.0,1336000.0,2166.0
1997-12-01,2125.0,60.0,1561.0,504.0,24.0,348168.0,8414.0,283920.0,55834.0,1511.0,283190351.0,10987000.0,230591091.0,41612260.0,1441532.0,2149.0
1998-01-01,1592.0,42.0,1246.0,304.0,9.0,264983.0,4744.0,227035.0,33204.0,1042.0,215185488.0,3700000.0,184228798.0,27256690.0,946342.0,1601.0
1998-02-01,2000.0,129.0,1344.0,527.0,64.0,296843.0,8902.0,237433.0,50508.0,6703.0,241971887.0,10805000.0,191904840.0,39262047.0,4941170.0,2064.0
1998-03-01,2000.0,151.0,1523.0,326.0,46.0,316457.0,12586.0,264872.0,38999.0,3884.0,260583321.0,9081750.0,212904898.0,38596673.0,2911000.0,2046.0
1998-04-01,1689.0,140.0,1242.0,307.0,9.0,268608.0,12070.0,219117.0,37421.0,853.0,229498222.0,12914000.0,179456318.0,37127904.0,699381.0,1698.0
1998-05-01,1573.0,4.0,1214.0,355.0,64.0,249336.0,328.0,212682.0,36326.0,7984.0,218268028.0,16250000.0,173545981.0,28472047.0,7946000.0,1637.0
1998-06-01,1441.0,70.0,1105.0,266.0,102.0,228033.0,7344.0,193488.0,27201.0,11727.0,189686682.0,6346850.0,159168232.0,24171600.0,7227000.0,1543.0
1998-07-01,1631.0,51.0,1199.0,381.0,17.0,244735.0,4845.0,207578.0,32312.0,2499.0,200538965.0,5225000.0,172709673.0,22604292.0,2074000.0,1648.0
1998-08-01,1495.0,35.0,1170.0,290.0,13.0,234530.0,2961.0,204993.0,26576.0,1357.0,198309615.0,2590000.0,173480548.0,22239067.0,1212240.0,1508.0
1998-09-01,1599.0,163.0,1207.0,229.0,62.0,253877.0,12818.0,215928.0,25131.0,4221.0,216589825.0,17431500.0,179326137.0,19832188.0,5440000.0,1661.0
1998-10-01,1458.0,14.0,1288.0,156.0,30.0,251052.0,968.0,231479.0,18605.0,2484.0,207378176.0,1118000.0,189800454.0,16459722.0,2116000.0,1488.0
1998-11-01,2056.0,473.0,1388.0,195.0,51.0,319547.0,48645.0,245494.0,25408.0,6126.0,279619484.0,57496000.0,203280207.0,18843277.0,4476470.0,2107.0
1998-12-01,1695.0,98.0,1326.0,271.0,53.0,275826.0,8503.0,237346.0,29977.0,5460.0,228020672.0,9631000.0,195546237.0,22843435.0,4022430.0,1748.0
1999-01-01,1535.0,220.0,1153.0,162.0,15.0,253348.0,25780.0,209259.0,18309.0,1737.0,214748471.0,23308000.0,176309971.0,15130500.0,1628050.0,1550.0
1999-02-01,1749.0,104.0,1340.0,305.0,27.0,291194.0,13746.0,241615.0,35833.0,2754.0,244297021.0,13382000.0,200925697.0,29989324.0,3276000.0,1776.0
1999-03-01,2335.0,185.0,1820.0,330.0,67.0,385221.0,16655.0,331296.0,37270.0,7794.0,317043594.0,13944000.0,274911371.0,28188223.0,6231000.0,2402.0
1999-04-01,2181.0,320.0,1546.0,315.0,72.0,345170.0,25427.0,276740.0,43003.0,7727.0,280726959.0,26060000.0,227662126.0,27004833.0,8126000.0,2253.0
1999-05-01,2298.0,224.0,1735.0,339.0,79.0,368490.0,13100.0,314895.0,40495.0,8040.0,319518447.0,21246837.0,261239479.0,37032131.0,5740660.0,2377.0
1999-06-01,1951.0,100.0,1574.0,277.0,139.0,339734.0,17674.0,289678.0,32382.0,14935.0,277380244.0,14013500.0,236608078.0,26758666.0,10316000.0,2090.0
1999-07-01,2376.0,195.0,1712.0,469.0,152.0,379157.0,21960.0,304866.0,52331.0,17623.0,306803188.0,15324000.0,250488364.0,40990824.0,18543332.0,2528.0
1999-08-01,2454.0,132.0,1746.0,576.0,36.0,402994.0,24617.0,320170.0,58207.0,3705.0,352320276.0,38957000.0,262604325.0,50758951.0,3043703.0,2490.0
1999-09-01,2492.0,168.0,1948.0,376.0,141.0,405037.0,13845.0,349478.0,41714.0,15224.0,331668970.0,11439000.0,284251686.0,35978284.0,12070200.0,2633.0
1999-10-01,2050.0,132.0,1595.0,323.0,67.0,347914.0,17647.0,294864.0,35403.0,8606.0,281819982.0,10436000.0,242517667.0,28866315.0,7162310.0,2117.0
1999-11-01,2156.0,108.0,1625.0,423.0,26.0,364525.0,13902.0,299816.0,50807.0,3673.0,297565658.0,11685000.0,247134370.0,38746288.0,3521697.0,2182.0
1999-12-01,1952.0,227.0,1399.0,326.0,27.0,324517.0,20068.0,270687.0,33762.0,2854.0,270652004.0,21595000.0,222878450.0,26178554.0,2202000.0,1979.0
2000-01-01,1497.0,157.0,1060.0,280.0,30.0,250463.0,11134.0,206281.0,33048.0,2181.0,213300855.0,17440000.0,168485855.0,27375000.0,1848301.0,1527.0
2000-02-01,1594.0,43.0,1315.0,236.0,26.0,287481.0,5677.0,249236.0,32568.0,2595.0,239499390.0,4377280.0,208699020.0,26423090.0,2115000.0,1620.0
2000-03-01,1931.0,103.0,1578.0,250.0,131.0,343494.0,12838.0,302012.0,28644.0,15314.0,298101403.0,11036750.0,254325262.0,32739391.0,14658000.0,2062.0
2000-04-01,1396.0,54.0,1223.0,119.0,9.0,246237.0,6366.0,223918.0,15953.0,1005.0,203185712.0,5220000.0,183806470.0,14159242.0,943000.0,1405.0
2000-05-01,1985.0,265.0,1461.0,259.0,118.0,329514.0,21315.0,277095.0,31104.0,12413.0,279221276.0,21255000.0,231172365.0,26793911.0,9239333.0,2103.0
2000-06-01,1579.0,111.0,1273.0,195.0,19.0,277012.0,14133.0,241322.0,21557.0,2142.0,240868560.0,15201000.0,204009768.0,21657792.0,1733193.0,1598.0
2000-07-01,1635.0,118.0,1162.0,355.0,121.0,272650.0,10295.0,225000.0,37355.0,11498.0,223312709.0,9800200.0,183531009.0,29981500.0,9366500.0,1756.0
2000-08-01,1617.0,41.0,1377.0,199.0,99.0,296393.0,5404.0,268426.0,22563.0,10142.0,247798004.0,3949000.0,223529368.0,20319636.0,8800000.0,1716.0
2000-09-01,1704.0,100.0,1370.0,234.0,24.0,301608.0,8295.0,262449.0,30864.0,2618.0,252718239.0,6781000.0,219737629.0,26199610.0,2035000.0,1728.0
2000-10-01,1489.0,99.0,1218.0,172.0,96.0,266603.0,10448.0,234013.0,22142.0,17332.0,219935554.0,8610000.0,197255580.0,14069974.0,12171150.0,1585.0
2000-11-01,1680.0,83.0,1351.0,246.0,20.0,299194.0,7852.0,259299.0,32043.0,1959.0,246961050.0,4404409.0,216377679.0,26178962.0,1859000.0,1700.0
2000-12-01,1263.0,25.0,1006.0,232.0,22.0,241947.0,4591.0,201643.0,35713.0,2466.0,203843885.0,3165000.0,172291525.0,28387360.0,5498000.0,1285.0
2001-01-01,1331.0,35.0,1133.0,163.0,4.0,245996.0,5803.0,220868.0,19325.0,486.0,207928587.0,4709000.0,185118037.0,18101550.0,346000.0,1335.0
2001-02-01,1360.0,46.0,1155.0,159.0,37.0,243649.0,8548.0,217942.0,17159.0,3937.0,202624472.0,6843400.0,181757422.0,14023650.0,3718880.0,1397.0
2001-03-01,1622.0,45.0,1400.0,177.0,140.0,288971.0,4207.0,265819.0,18945.0,6587.0,250519386.0,7033840.0,226390201.0,17095345.0,8165573.0,1762.0
2001-04-01,1548.0,259.0,1179.0,110.0,37.0,266236.0,18347.0,233201.0,14688.0,4366.0,225425661.0,15904000.0,197002302.0,12519359.0,5097000.0,1585.0
2001-05-01,1827.0,218.0,1349.0,260.0,29.0,320465.0,25015.0,264185.0,31265.0,3799.0,267210195.0,19426000.0,223518815.0,24265380.0,3466000.0,1856.0
2001-06-01,1568.0,81.0,1262.0,225.0,72.0,267502.0,5636.0,239464.0,22402.0,12811.0,229742309.0,5418000.0,205213209.0,19111100.0,8958452.0,1640.0
2001-07-01,1630.0,113.0,1311.0,206.0,60.0,290261.0,13124.0,257618.0,19519.0,6334.0,262650698.0,21994000.0,223963728.0,16692970.0,5322884.0,1690.0
2001-08-01,1945.0,334.0,1412.0,199.0,75.0,360432.0,52037.0,285584.0,22811.0,5820.0,296613569.0,32765550.0,244714424.0,19133595.0,5067560.0,2020.0
2001-09-01,1627.0,117.0,1378.0,132.0,51.0,312124.0,18357.0,278568.0,15199.0,5076.0,263485391.0,16049000.0,234664342.0,12772049.0,4145480.0,1678.0
2001-10-01,1897.0,227.0,1511.0,159.0,34.0,336634.0,16246.0,300704.0,19684.0,3261.0,296291231.0,20704200.0,258199432.0,17387599.0,3494077.0,1931.0
2001-11-01,2137.0,463.0,1492.0,182.0,11.0,359075.0,40876.0,298826.0,19373.0,1169.0,298196109.0,28303800.0,253481972.0,16410337.0,1082000.0,2148.0
2001-12-01,1472.0,95.0,1223.0,154.0,25.0,314566.0,37321.0,260092.0,17153.0,3742.0,304612550.0,60625000.0,224403350.0,19584200.0,2926477.0,1497.0
2002-01-01,1449.0,53.0,1270.0,126.0,37.0,281982.0,7769.0,257666.0,16547.0,4079.0,245888997.0,8195000.0,223679810.0,14014187.0,3469000.0,1486.0
2002-02-01,1579.0,107.0,1274.0,198.0,166.0,318990.0,26481.0,266691.0,25818.0,16668.0,276609901.0,23692500.0,230793905.0,22123496.0,16984100.0,1745.0
2002-03-01,1908.0,81.0,1576.0,251.0,78.0,369585.0,15478.0,319596.0,34511.0,11324.0,325262612.0,13986000.0,278945199.0,32331413.0,8956000.0,1986.0
2002-04-01,2085.0,298.0,1566.0,221.0,121.0,367493.0,16910.0,322668.0,27915.0,12127.0,328554803.0,17010000.0,286904003.0,24640800.0,12334000.0,2206.0
2002-05-01,2208.0,190.0,1733.0,285.0,74.0,420015.0,24829.0,360022.0,35164.0,6885.0,385080074.0,34646500.0,319931125.0,30502449.0,6881288.0,2282.0
2002-06-01,1783.0,109.0,1481.0,193.0,81.0,349401.0,17674.0,308911.0,22816.0,8741.0,307020132.0,13645766.0,271951498.0,21422868.0,9080900.0,1864.0
2002-07-01,2636.0,407.0,1831.0,398.0,102.0,462336.0,46807.0,370248.0,45281.0,13044.0,406204787.0,38190240.0,327400762.0,40613785.0,12184924.0,2738.0
2002-08-01,2076.0,164.0,1703.0,209.0,29.0,394147.0,14589.0,356613.0,22945.0,3432.0,349044717.0,12462800.0,316328567.0,20253350.0,3366000.0,2105.0
2002-09-01,2356.0,436.0,1670.0,250.0,64.0,409982.0,37664.0,341198.0,31120.0,7423.0,381058810.0,44752700.0,307064181.0,29241929.0,7352600.0,2420.0
2002-10-01,3351.0,1363.0,1696.0,292.0,61.0,481696.0,98233.0,348112.0,35351.0,6616.0,455378452.0,107432419.0,316457141.0,31488892.0,4994000.0,3412.0
2002-11-01,2387.0,372.0,1642.0,373.0,45.0,417680.0,35133.0,344349.0,38198.0,5264.0,401156036.0,47881017.0,312397904.0,40877115.0,5528789.0,2432.0
2002-12-01,2515.0,613.0,1698.0,204.0,17.0,426838.0,46853.0,352912.0,27073.0,2059.0,380401067.0,34633000.0,318059406.0,27708661.0,2773000.0,2532.0
2003-01-01,1930.0,196.0,1528.0,206.0,65.0,358869.0,12691.0,319546.0,26632.0,6447.0,335616298.0,15800000.0,293578245.0,26238053.0,6362014.0,1995.0
2003-02-01,1713.0,20.0,1517.0,176.0,84.0,348134.0,3733.0,322422.0,21979.0,10380.0,320905558.0,6830000.0,293733514.0,20342044.0,9999000.0,1797.0
2003-03-01,2502.0,485.0,1753.0,264.0,35.0,458695.0,51692.0,374233.0,32770.0,5113.0,433923173.0,58063000.0,343388986.0,32471187.0,5234000.0,2537.0
2003-04-01,2199.0,428.0,1591.0,180.0,33.0,394371.0,39025.0,336093.0,19253.0,3534.0,398197865.0,74428000.0,305004149.0,18765716.0,3894000.0,2232.0
2003-05-01,2400.0,259.0,1935.0,206.0,85.0,463480.0,30312.0,410273.0,22895.0,9276.0,431982111.0,32894600.0,379536590.0,19550921.0,8648000.0,2485.0
2003-06-01,2364.0,254.0,1868.0,242.0,25.0,433920.0,16476.0,391218.0,26226.0,2893.0,413531306.0,24145400.0,364878710.0,24507196.0,2797000.0,2389.0
2003-07-01,2572.0,289.0,2036.0,247.0,49.0,510554.0,52740.0,425618.0,32196.0,7139.0,472899933.0,52373000.0,392071829.0,28455104.0,6470800.0,2621.0
2003-08-01,2642.0,215.0,2083.0,344.0,62.0,475605.0,33789.0,407656.0,34160.0,6867.0,459958202.0,42006000.0,383121952.0,34830250.0,6626595.0,2704.0
2003-09-01,2955.0,557.0,2113.0,285.0,48.0,512513.0,48681.0,432859.0,30973.0,4563.0,508129905.0,69265500.0,409867322.0,28997083.0,4685000.0,3003.0
2003-10-01,2481.0,133.0,2099.0,249.0,27.0,482828.0,22859.0,433023.0,26946.0,2824.0,468616505.0,27724000.0,415133077.0,25759428.0,3016105.0,2508.0
2003-11-01,2964.0,735.0,1987.0,242.0,68.0,529248.0,86426.0,411891.0,30931.0,9165.0,512482472.0,85290367.0,398934481.0,28257624.0,10627738.0,3032.0
2003-12-01,2585.0,442.0,1904.0,239.0,26.0,484533.0,46094.0,408927.0,29512.0,2846.0,472803536.0,49254000.0,393288672.0,30260864.0,2610900.0,2611.0
2004-01-01,2656.0,761.0,1719.0,176.0,16.0,461473.0,70248.0,371024.0,20201.0,1835.0,455986713.0,73010667.0,360858446.0,22117600.0,1680000.0,2672.0
2004-02-01,2516.0,578.0,1718.0,220.0,13.0,462731.0,75842.0,361578.0,25311.0,1289.0,474933580.0,95571274.0,354436009.0,24926297.0,6925000.0,2529.0
2004-03-01,2973.0,484.0,2237.0,252.0,64.0,544020.0,43905.0,471119.0,28996.0,6386.0,557732690.0,64293516.0,465899780.0,27539394.0,7155100.0,3037.0
2004-04-01,2510.0,615.0,1690.0,205.0,33.0,435784.0,47314.0,360597.0,27873.0,4566.0,446026843.0,57253250.0,359972707.0,28800886.0,3578350.0,2543.0
2004-05-01,2518.0,275.0,1992.0,251.0,26.0,469502.0,22506.0,416895.0,30101.0,3266.0,489326365.0,44531443.0,414980419.0,29814503.0,4119000.0,2544.0
2004-06-01,3377.0,924.0,2209.0,244.0,70.0,557389.0,79610.0,450070.0,27709.0,7897.0,573683786.0,91766340.0,457065237.0,24852209.0,9692350.0,3447.0
2004-07-01,2351.0,243.0,1815.0,293.0,3.0,466979.0,39227.0,390580.0,37172.0,401.0,469678767.0,38328424.0,392906109.0,38444234.0,357000.0,2354.0
2004-08-01,2236.0,232.0,1713.0,291.0,60.0,422091.0,15255.0,375186.0,31650.0,7134.0,431416229.0,24146425.0,376634936.0,30634868.0,7675900.0,2296.0
2004-09-01,2240.0,210.0,1792.0,238.0,51.0,440246.0,27560.0,388222.0,24464.0,4545.0,469961485.0,41431975.0,398717269.0,29812241.0,9375728.0,2291.0
2004-10-01,2559.0,568.0,1641.0,350.0,60.0,453720.0,59734.0,357790.0,36196.0,4617.0,514678512.0,85681000.0,367136526.0,61860986.0,6076800.0,2619.0
2004-11-01,2627.0,653.0,1790.0,184.0,48.0,470045.0,60054.0,388083.0,21908.0,5875.0,477977216.0,56397000.0,399765974.0,21814242.0,5282000.0,2675.0
2004-12-01,2355.0,600.0,1626.0,129.0,61.0,425129.0,46936.0,358193.0,20000.0,7662.0,460540179.0,66310000.0,372213329.0,22016850.0,7877170.0,2416.0
2005-01-01,1831.0,231.0,1391.0,209.0,67.0,354872.0,25780.0,303122.0,25970.0,8134.0,448488640.0,97971000.0,326221868.0,24295772.0,8961000.0,1898.0
2005-02-01,2073.0,211.0,1560.0,302.0,72.0,381506.0,22530.0,329477.0,29499.0,13306.0,441400464.0,43355000.0,357801760.0,40243704.0,18373900.0,2145.0
2005-03-01,2988.0,849.0,1904.0,235.0,39.0,516183.0,73151.0,415997.0,27035.0,3687.0,630197386.0,154900280.0,446046228.0,29250878.0,3595000.0,3027.0
2005-04-01,1603.0,136.0,1302.0,165.0,14.0,313476.0,19271.0,277100.0,17105.0,1757.0,360458964.0,40275000.0,296118964.0,24065000.0,1721347.0,1617.0
2005-05-01,1919.0,89.0,1639.0,191.0,58.0,392182.0,11105.0,359241.0,21836.0,7144.0,424290085.0,19032000.0,375155279.0,30102806.0,9128286.0,1977.0
2005-06-01,2061.0,142.0,1594.0,325.0,68.0,410246.0,19138.0,346274.0,44834.0,9184.0,426640180.0,15908000.0,367750135.0,42982045.0,8411537.0,2129.0
2005-07-01,1925.0,333.0,1440.0,152.0,80.0,353059.0,26295.0,309353.0,17411.0,7021.0,397301579.0,40676000.0,327346399.0,29279180.0,6782791.0,2005.0
2005-08-01,2262.0,142.0,1796.0,324.0,39.0,447864.0,18105.0,397219.0,32540.0,3886.0,521045727.0,54324300.0,426603907.0,40117520.0,7972000.0,2301.0
2005-09-01,2207.0,212.0,1815.0,180.0,76.0,444529.0,34446.0,386176.0,23907.0,8241.0,487723804.0,51924004.0,411491094.0,24308706.0,10368000.0,2283.0
2005-10-01,1843.0,161.0,1516.0,166.0,58.0,389545.0,23032.0,345950.0,20563.0,8228.0,442324923.0,57352600.0,361451231.0,23521092.0,8546888.0,1901.0
2005-11-01,2223.0,49.0,1835.0,339.0,72.0,448001.0,16678.0,393040.0,38283.0,10067.0,511307685.0,33733000.0,436245964.0,41328721.0,13936564.0,2295.0
2005-12-01,2406.0,547.0,1598.0,261.0,39.0,429622.0,41432.0,358108.0,30082.0,4043.0,473914795.0,51672500.0,390213478.0,32028817.0,5010600.0,2445.0
2006-01-01,1826.0,180.0,1389.0,257.0,74.0,357971.0,29700.0,303805.0,24466.0,9827.0,405632555.0,30990000.0,346901175.0,27741380.0,11996910.0,1900.0
2006-02-01,2164.0,371.0,1569.0,224.0,90.0,388228.0,21794.0,342124.0,24310.0,6589.0,463103479.0,35151900.0,396034061.0,31917518.0,10607500.0,2254.0
2006-03-01,2287.0,207.0,1832.0,248.0,12.0,442101.0,23070.0,392086.0,26945.0,1486.0,513235597.0,26509200.0,451245527.0,35480870.0,1903600.0,2299.0
2006-04-01,1558.0,180.0,1203.0,175.0,0.0,298343.0,16501.0,262990.0,18852.0,0.0,359451778.0,30031800.0,306709994.0,22709984.0,2143454.0,1558.0
2006-05-01,2267.0,190.0,1874.0,203.0,61.0,455627.0,24805.0,406674.0,24148.0,7907.0,529098918.0,30475000.0,471137103.0,27486815.0,20370000.0,2328.0
2006-06-01,1965.0,208.0,1593.0,164.0,29.0,372890.0,18056.0,337708.0,17126.0,3269.0,453572356.0,42290250.0,389890524.0,21391582.0,3992995.0,1994.0
2006-07-01,2104.0,255.0,1621.0,228.0,41.0,401824.0,27623.0,347895.0,26306.0,5125.0,506448812.0,64284000.0,408975102.0,33189710.0,7903760.0,2145.0
2006-08-01,2405.0,197.0,1973.0,235.0,32.0,466474.0,19045.0,419381.0,28048.0,3196.0,571134613.0,39097550.0,491632372.0,40404691.0,3967944.0,2437.0
2006-09-01,2376.0,285.0,1844.0,247.0,169.0,460842.0,36025.0,398357.0,26460.0,23363.0,536600480.0,36083570.0,467967867.0,32549043.0,38461000.0,2545.0
2006-10-01,2332.0,304.0,1753.0,275.0,45.0,429920.0,25782.0,373148.0,30990.0,16242.0,523576551.0,39457090.0,446840987.0,37278474.0,27076920.0,2377.0
2006-11-01,2163.0,114.0,1797.0,252.0,69.0,433789.0,14148.0,390361.0,29280.0,8440.0,533195981.0,32530000.0,463718045.0,36947936.0,12282660.0,2232.0
2006-12-01,1842.0,89.0,1548.0,205.0,41.0,370182.0,12135.0,332577.0,25470.0,3524.0,455683444.0,25962000.0,396886308.0,32835136.0,4211200.0,1883.0
2007-01-01,1809.0,158.0,1475.0,176.0,71.0,348695.0,17613.0,313134.0,17948.0,8708.0,435749652.0,30947440.0,383107512.0,21694700.0,10975907.0,1880.0
2007-02-01,2023.0,192.0,1590.0,241.0,69.0,392397.0,15784.0,345779.0,30834.0,9030.0,487634790.0,30720110.0,420248502.0,36666178.0,14997138.0,2092.0
2007-03-01,2208.0,178.0,1811.0,219.0,61.0,454573.0,29860.0,399068.0,25645.0,8224.0,581901324.0,57579040.0,491607237.0,32715047.0,10373070.0,2269.0
2007-04-01,1777.0,177.0,1380.0,220.0,5.0,336965.0,22983.0,289094.0,24888.0,887.0,470199931.0,86911500.0,353813831.0,29474600.0,824000.0,1782.0
2007-05-01,2291.0,91.0,1943.0,257.0,31.0,466347.0,16778.0,415094.0,34475.0,3243.0,597090743.0,27431400.0,519356028.0,50303315.0,3712674.0,2322.0
2007-06-01,2541.0,532.0,1795.0,214.0,33.0,475488.0,69882.0,380488.0,25118.0,3457.0,574805071.0,67795500.0,475763621.0,31245950.0,4216000.0,2574.0
2007-07-01,2086.0,111.0,1754.0,221.0,74.0,412723.0,12985.0,372301.0,27437.0,8256.0,556187693.0,45020200.0,479294411.0,31873082.0,12194200.0,2160.0
2007-08-01,2463.0,289.0,1995.0,179.0,45.0,484152.0,34763.0,428219.0,21170.0,5074.0,634309849.0,78267048.0,528675277.0,27367524.0,5688635.0,2508.0
2007-09-01,1949.0,106.0,1634.0,209.0,39.0,404477.0,28359.0,349134.0,26984.0,4623.0,499118837.0,36641459.0,430887216.0,31590162.0,6326251.0,1988.0
2007-10-01,2014.0,44.0,1758.0,212.0,73.0,406311.0,8725.0,374814.0,22772.0,6887.0,518744989.0,13967279.0,475294974.0,29482736.0,10635181.0,2087.0
2007-11-01,2147.0,59.0,1841.0,247.0,42.0,445613.0,27024.0,389974.0,28615.0,4815.0,567898667.0,34960000.0,499367991.0,33570676.0,6383812.0,2189.0
2007-12-01,1587.0,72.0,1306.0,209.0,152.0,323270.0,12948.0,284650.0,25672.0,7272.0,428455298.0,30280500.0,364283392.0,33891406.0,12087495.0,1739.0
2008-01-01,1599.0,76.0,1364.0,159.0,144.0,334670.0,21250.0,293386.0,20034.0,18394.0,421133188.0,12986762.0,385691268.0,22455158.0,27418028.0,1743.0
2008-02-01,1844.0,177.0,1520.0,147.0,30.0,370017.0,26748.0,328768.0,14501.0,3926.0,497383597.0,53748000.0,425987167.0,17648430.0,4977988.0,1874.0
2008-03-01,1513.0,51.0,1342.0,120.0,54.0,317816.0,10309.0,290603.0,16904.0,7016.0,424047003.0,23825535.0,377973522.0,22247946.0,7903873.0,1567.0
2008-04-01,2296.0,711.0,1396.0,189.0,77.0,379906.0,56862.0,303556.0,19488.0,9461.0,518350652.0,84498023.0,407701788.0,26150841.0,13006292.0,2373.0
2008-05-01,1567.0,57.0,1364.0,146.0,86.0,321517.0,5694.0,293405.0,22418.0,17886.0,421327097.0,8582674.0,390337109.0,22407314.0,15670619.0,1653.0
2008-06-01,1304.0,66.0,1097.0,141.0,76.0,267002.0,6799.0,242682.0,17521.0,8178.0,355887641.0,8331500.0,327058316.0,20497825.0,15109538.0,1380.0
2008-07-01,1409.0,118.0,1156.0,135.0,26.0,286510.0,19803.0,250182.0,16525.0,3374.0,400430382.0,43236666.0,336270419.0,20923297.0,4206234.0,1435.0
2008-08-01,1286.0,138.0,1022.0,126.0,42.0,255633.0,17722.0,221403.0,16508.0,5168.0,343775215.0,27549950.0,298713737.0,17511528.0,6418536.0,1328.0
2008-09-01,1498.0,270.0,1095.0,133.0,137.0,278849.0,22697.0,240141.0,16011.0,52116.0,402482649.0,51460000.0,330408801.0,20613848.0,41120710.0,1635.0
2008-10-01,1148.0,48.0,1000.0,100.0,25.0,231194.0,9812.0,210614.0,10768.0,4829.0,319445180.0,14080000.0,291326694.0,14038486.0,9688724.0,1173.0
2008-11-01,1107.0,58.0,925.0,124.0,61.0,226406.0,7122.0,204023.0,15261.0,7075.0,322137672.0,20876500.0,281268225.0,19992947.0,13359500.0,1168.0
2008-12-01,1083.0,96.0,898.0,89.0,44.0,220927.0,15915.0,193926.0,11086.0,5362.0,312755748.0,25944000.0,274233300.0,12578448.0,7458000.0,1127.0
2009-01-01,809.0,46.0,681.0,82.0,3.0,170371.0,7755.0,152201.0,10415.0,344.0,232458301.0,10869090.0,209430256.0,12158955.0,530000.0,812.0
2009-02-01,1008.0,153.0,755.0,100.0,51.0,192150.0,17067.0,164341.0,10742.0,5956.0,260376145.0,14925678.0,230344947.0,15105520.0,7703000.0,1059.0
2009-03-01,1071.0,14.0,855.0,202.0,20.0,211214.0,1907.0,187565.0,21742.0,2618.0,301441409.0,11850000.0,264348501.0,25242908.0,3253000.0,1091.0
2009-04-01,882.0,73.0,722.0,87.0,127.0,168396.0,5643.0,152434.0,10319.0,7435.0,242223668.0,17569000.0,210357468.0,14297200.0,18328025.0,1009.0
2009-05-01,1100.0,153.0,869.0,78.0,138.0,215181.0,14575.0,190481.0,10125.0,19080.0,292557262.0,13100000.0,267034547.0,12422715.0,15784675.0,1238.0
2009-06-01,991.0,45.0,865.0,81.0,109.0,196686.0,3175.0,184083.0,9428.0,14392.0,274737667.0,6350000.0,256035182.0,12352485.0,14205000.0,1100.0
2009-07-01,1197.0,51.0,1025.0,121.0,17.0,247443.0,6321.0,226836.0,14286.0,2273.0,341122729.0,17868300.0,305872871.0,17381558.0,3226968.0,1214.0
2009-08-01,1186.0,35.0,1028.0,123.0,9.0,243833.0,1969.0,225695.0,16169.0,1153.0,337257486.0,4868110.0,312588440.0,19800936.0,1295000.0,1195.0
2009-09-01,1279.0,2.0,1167.0,110.0,151.0,260949.0,150.0,248863.0,11936.0,7772.0,357442817.0,1600000.0,340925613.0,14917204.0,8505364.0,1430.0
2009-10-01,1341.0,85.0,1163.0,93.0,83.0,262047.0,5923.0,245723.0,10401.0,8992.0,361289048.0,7018000.0,340658048.0,13613000.0,16125151.0,1424.0
2009-11-01,1480.0,46.0,1304.0,130.0,20.0,301793.0,4575.0,282428.0,14790.0,2614.0,425178986.0,23710000.0,382580516.0,18888470.0,3499600.0,1500.0
2009-12-01,1270.0,45.0,1140.0,85.0,83.0,267744.0,7334.0,251355.0,9055.0,8347.0,368071349.0,4885000.0,350932159.0,12254190.0,20356462.0,1353.0
2010-01-01,999.0,4.0,909.0,86.0,43.0,203534.0,1098.0,192152.0,10284.0,6081.0,280517685.0,2116698.0,263459987.0,14941000.0,7146000.0,1042.0
2010-02-01,1349.0,10.0,1192.0,147.0,26.0,274394.0,820.0,256076.0,17498.0,3594.0,379162227.0,980000.0,351457523.0,26724704.0,4797092.0,1375.0
2010-03-01,1457.0,47.0,1270.0,140.0,44.0,298929.0,4631.0,277440.0,16858.0,5670.0,412288169.0,8150000.0,382984649.0,21153520.0,8580740.0,1501.0
2010-04-01,1277.0,12.0,1153.0,112.0,123.0,261360.0,1499.0,246867.0,12994.0,14848.0,361731834.0,1700000.0,341550425.0,18481409.0,23020270.0,1400.0
2010-05-01,1291.0,28.0,1161.0,102.0,69.0,267827.0,2227.0,255258.0,10342.0,8418.0,368210470.0,3820000.0,351679956.0,12710514.0,12283777.0,1360.0
2010-06-01,1327.0,43.0,1186.0,98.0,46.0,272476.0,7665.0,251050.0,13761.0,5116.0,375856987.0,7779750.0,350087418.0,17989819.0,7403200.0,1373.0
2010-07-01,1337.0,89.0,1149.0,99.0,136.0,267021.0,7131.0,248911.0,10979.0,15137.0,367715124.0,9220000.0,346194277.0,12300847.0,22616385.0,1473.0
2010-08-01,1215.0,46.0,1105.0,64.0,14.0,248424.0,2193.0,238159.0,8072.0,1955.0,354724916.0,19685000.0,323806066.0,11233850.0,2718000.0,1229.0
2010-09-01,1161.0,5.0,1047.0,109.0,101.0,238181.0,542.0,223528.0,14111.0,14170.0,335049944.0,820000.0,317431916.0,16798028.0,17180488.0,1262.0
2010-10-01,1101.0,37.0,967.0,97.0,22.0,226244.0,4376.0,211032.0,10836.0,2659.0,314268467.0,6445000.0,293530295.0,14293172.0,7879992.0,1123.0
2010-11-01,1286.0,82.0,1120.0,84.0,184.0,255436.0,8579.0,238390.0,8467.0,15663.0,369703890.0,17020000.0,339898957.0,12784933.0,22186104.0,1470.0
2010-12-01,967.0,66.0,807.0,94.0,27.0,203014.0,10514.0,183334.0,9166.0,2973.0,282233369.0,5618384.0,262415852.0,14199133.0,3341475.0,994.0
2011-01-01,823.0,73.0,685.0,65.0,44.0,159351.0,6694.0,145408.0,7249.0,5036.0,226860564.0,12299000.0,204179514.0,10382050.0,6777269.0,867.0
2011-02-01,956.0,38.0,810.0,108.0,17.0,191079.0,2640.0,176177.0,12262.0,1605.0,293764110.0,4450000.0,271889326.0,17424784.0,2270049.0,973.0
2011-03-01,1041.0,46.0,889.0,106.0,46.0,220276.0,9276.0,198311.0,12689.0,5583.0,322499213.0,17300000.0,287510309.0,17688904.0,6822131.0,1087.0
2011-04-01,885.0,11.0,785.0,89.0,42.0,179915.0,1540.0,170247.0,8128.0,4839.0,264208680.0,10404836.0,242862444.0,10941400.0,12286524.0,927.0
2011-05-01,1084.0,38.0,955.0,91.0,55.0,206450.0,4232.0,190696.0,11522.0,6331.0,291083061.0,7354000.0,269500292.0,14228769.0,7024998.0,1139.0
2011-06-01,895.0,10.0,814.0,71.0,100.0,180041.0,1041.0,172575.0,6425.0,6305.0,257182952.0,1641200.0,245638897.0,9902855.0,15385500.0,995.0
2011-07-01,1057.0,50.0,951.0,56.0,113.0,206408.0,2940.0,197645.0,5823.0,10354.0,304585840.0,9410000.0,287452890.0,7722950.0,15430290.0,1170.0
2011-08-01,1317.0,31.0,1159.0,127.0,192.0,253895.0,2743.0,236333.0,14819.0,13675.0,367760326.0,4500500.0,342302288.0,20957538.0,25325414.0,1509.0
2011-09-01,1112.0,19.0,982.0,111.0,134.0,211779.0,808.0,199688.0,11283.0,6927.0,295323571.0,950000.0,279790856.0,14582715.0,11327395.0,1246.0
2011-10-01,1099.0,4.0,1035.0,60.0,139.0,221721.0,257.0,215729.0,5735.0,16950.0,316316098.0,442400.0,307042514.0,8831184.0,28079452.0,1238.0
2011-11-01,1266.0,13.0,1187.0,66.0,118.0,265325.0,1104.0,256925.0,7296.0,11223.0,380066564.0,1680000.0,368490464.0,9896100.0,19655727.0,1384.0
2011-12-01,1060.0,127.0,860.0,73.0,67.0,225832.0,26786.0,190489.0,8557.0,6626.0,329862007.0,41879592.0,277438815.0,10543600.0,17987000.0,1127.0
2012-01-01,885.0,24.0,834.0,27.0,213.0,186773.0,1440.0,181975.0,3358.0,17230.0,277530491.0,3000000.0,270783506.0,3746985.0,31416080.0,1098.0
2012-02-01,1121.0,11.0,1043.0,67.0,83.0,233985.0,1272.0,224707.0,8006.0,8984.0,340121039.0,2180000.0,327579589.0,10361450.0,12726480.0,1204.0
2012-03-01,1478.0,121.0,1242.0,115.0,81.0,289073.0,10365.0,264884.0,13824.0,8138.0,419627339.0,13033000.0,390628439.0,15965900.0,12568230.0,1559.0
2012-04-01,1079.0,31.0,959.0,89.0,151.0,224605.0,4537.0,210134.0,9934.0,19364.0,334887513.0,11135000.0,311422624.0,12329889.0,28965341.0,1230.0
2012-05-01,1313.0,25.0,1213.0,75.0,59.0,266643.0,1996.0,255904.0,8743.0,6198.0,397214181.0,3562500.0,378491336.0,15160345.0,10328495.0,1372.0
2012-06-01,1205.0,91.0,1032.0,82.0,72.0,241839.0,13261.0,219775.0,8803.0,7187.0,352209858.0,13273000.0,327019882.0,11916976.0,11072162.0,1277.0
2012-07-01,1355.0,134.0,1106.0,115.0,123.0,270436.0,18600.0,237070.0,14766.0,12379.0,409596515.0,33540000.0,358899561.0,17156954.0,19971253.0,1478.0
2012-08-01,1413.0,73.0,1247.0,93.0,100.0,286563.0,8178.0,268088.0,10297.0,9987.0,429893635.0,11831500.0,403153229.0,14908906.0,15964420.0,1513.0
2012-09-01,1392.0,93.0,1225.0,74.0,128.0,286199.0,12983.0,263545.0,9671.0,16395.0,461961979.0,55063000.0,393306191.0,13592788.0,25384084.0,1520.0
2012-10-01,1467.0,31.0,1320.0,116.0,172.0,306460.0,9338.0,282491.0,14631.0,18870.0,458392109.0,15960500.0,424846533.0,17585076.0,26517450.0,1639.0
2012-11-01,1595.0,14.0,1466.0,115.0,63.0,333195.0,1968.0,318954.0,12273.0,7185.0,516156578.0,12450000.0,485383130.0,18323448.0,8820273.0,1658.0
2012-12-01,1246.0,68.0,1046.0,132.0,135.0,262244.0,17907.0,229902.0,14435.0,17760.0,386898336.0,13900000.0,353240853.0,19757483.0,14810313.0,1381.0
2013-01-01,1257.0,35.0,1128.0,94.0,55.0,254200.0,2565.0,240167.0,11468.0,6968.0,393181207.0,5998356.0,369661439.0,17521412.0,7935514.0,1312.0
2013-02-01,1424.0,73.0,1273.0,78.0,118.0,289793.0,8289.0,273233.0,8271.0,16076.0,446809948.0,11612763.0,422781641.0,12415544.0,24716000.0,1542.0
2013-03-01,1402.0,24.0,1306.0,72.0,73.0,291902.0,2976.0,280377.0,8549.0,8727.0,447213618.0,5008000.0,429615075.0,12590543.0,19243171.0,1475.0
2013-04-01,1575.0,103.0,1351.0,121.0,180.0,312967.0,11856.0,286948.0,14163.0,26643.0,516618220.0,45319500.0,448667425.0,22631295.0,24025572.0,1755.0
2013-05-01,1829.0,98.0,1524.0,207.0,142.0,360487.0,13523.0,325581.0,21383.0,14939.0,576551461.0,37179185.0,504569254.0,34803022.0,25623755.0,1971.0
2013-06-01,1472.0,131.0,1241.0,100.0,67.0,285893.0,12360.0,261292.0,12241.0,6846.0,440824166.0,9919000.0,411481232.0,19423934.0,12754800.0,1539.0
2013-07-01,1724.0,104.0,1485.0,135.0,169.0,343689.0,8816.0,319552.0,15321.0,24271.0,540361858.0,16151666.0,499756515.0,24453677.0,37565375.0,1893.0
2013-08-01,1692.0,137.0,1454.0,101.0,56.0,339166.0,15848.0,313034.0,10284.0,6593.0,551640205.0,41245399.0,494342087.0,16052719.0,9160705.0,1748.0
2013-09-01,1739.0,45.0,1513.0,181.0,123.0,343992.0,6369.0,316552.0,21071.0,16511.0,557983299.0,20292400.0,506254403.0,31436496.0,19919175.0,1862.0
2013-10-01,1826.0,111.0,1545.0,170.0,65.0,364913.0,11805.0,331410.0,21698.0,7457.0,595608700.0,29623000.0,531892678.0,34093022.0,12297607.0,1891.0
2013-11-01,2143.0,356.0,1519.0,268.0,124.0,385564.0,26356.0,331935.0,27273.0,13693.0,637325880.0,50601275.0,544975079.0,41749526.0,22726160.0,2267.0
2013-12-01,1900.0,334.0,1382.0,184.0,135.0,348906.0,30254.0,296705.0,21947.0,15365.0,551480835.0,32791520.0,482339641.0,36349674.0,27858515.0,2035.0
2014-01-01,1529.0,45.0,1352.0,132.0,115.0,307185.0,6249.0,286908.0,14028.0,12718.0,506229252.0,13880850.0,469013872.0,23334530.0,28862200.0,1644.0
2014-02-01,1719.0,73.0,1493.0,153.0,49.0,357596.0,12358.0,327816.0,17422.0,5972.0,590428789.0,26716000.0,533966751.0,29746038.0,9106319.0,1768.0
2014-03-01,1877.0,61.0,1632.0,184.0,122.0,377635.0,9010.0,349556.0,19069.0,13639.0,628972194.0,28535000.0,570368119.0,30069075.0,18481438.0,1999.0
2014-04-01,1892.0,227.0,1374.0,291.0,190.0,357202.0,28463.0,299036.0,29703.0,22073.0,574491800.0,37657962.0,490040547.0,46793291.0,37257831.0,2082.0
2014-05-01,1998.0,146.0,1685.0,167.0,127.0,393494.0,22956.0,353335.0,17203.0,17669.0,665733453.0,43486759.0,595192088.0,27054606.0,25193768.0,2125.0
2014-06-01,1870.0,142.0,1490.0,238.0,132.0,355972.0,15031.0,313827.0,27114.0,14648.0,608837563.0,27035121.0,527926544.0,53875898.0,23379965.0,2002.0
2014-07-01,2009.0,195.0,1584.0,230.0,273.0,384675.0,22308.0,334815.0,27552.0,38551.0,668057369.0,44643600.0,577069901.0,46343868.0,55513425.0,2282.0
2014-08-01,1863.0,106.0,1483.0,274.0,196.0,355053.0,5681.0,316661.0,32711.0,16546.0,598688376.0,17380600.0,528147910.0,53159866.0,30015484.0,2059.0
2014-09-01,1823.0,117.0,1492.0,214.0,162.0,354278.0,10576.0,319752.0,23950.0,16743.0,607539354.0,23070500.0,541685259.0,42783595.0,31172266.0,1985.0
2014-10-01,2064.0,114.0,1689.0,261.0,88.0,406188.0,15381.0,360872.0,29935.0,9857.0,706417967.0,29895000.0,620603084.0,55919883.0,15476100.0,2152.0
2014-11-01,2303.0,344.0,1639.0,320.0,117.0,405401.0,24941.0,345310.0,35150.0,16132.0,705108339.0,62530000.0,579573442.0,63004897.0,26733983.0,2420.0
2014-12-01,1853.0,151.0,1446.0,256.0,346.0,346315.0,18486.0,303799.0,24030.0,38281.0,625282201.0,49332207.0,525919322.0,50030672.0,61540602.0,2199.0
2015-01-01,1577.0,117.0,1141.0,319.0,126.0,286938.0,11916.0,240086.0,34936.0,12325.0,508611834.0,18354000.0,427690928.0,62566906.0,22861257.0,1703.0
2015-02-01,1702.0,141.0,1349.0,212.0,56.0,334415.0,17712.0,291946.0,24757.0,6255.0,606887014.0,40964346.0,520679128.0,45243540.0,20201512.0,1758.0
2015-03-01,2092.0,70.0,1640.0,382.0,179.0,399886.0,13957.0,341493.0,44436.0,25153.0,716085762.0,17466000.0,616021067.0,82598695.0,40979900.0,2271.0
2015-04-01,2063.0,467.0,1365.0,231.0,49.0,353608.0,42808.0,284111.0,26689.0,5804.0,623448144.0,71099250.0,496565550.0,55783344.0,8464378.0,2112.0
2015-05-01,1987.0,115.0,1587.0,285.0,184.0,383598.0,14516.0,333170.0,35912.0,22334.0,674944681.0,28081275.0,582023551.0,64839855.0,39033290.0,2171.0
2015-06-01,1883.0,70.0,1502.0,311.0,159.0,364982.0,15991.0,313930.0,35061.0,12910.0,665841968.0,42352000.0,555464733.0,68025235.0,23406944.0,2042.0
2015-07-01,2707.0,444.0,1799.0,464.0,117.0,464203.0,42715.0,367093.0,54395.0,11518.0,809527569.0,49090000.0,651074250.0,109363319.0,18822700.0,2824.0
2015-08-01,2025.0,65.0,1617.0,343.0,266.0,379520.0,6428.0,334069.0,39023.0,21719.0,678939307.0,17069500.0,582532428.0,79337379.0,46834926.0,2291.0
2015-09-01,2136.0,109.0,1781.0,246.0,106.0,410738.0,12469.0,369950.0,28319.0,11636.0,728376446.0,26635700.0,645788897.0,55951849.0,26811890.0,2242.0
2015-10-01,2172.0,244.0,1732.0,196.0,177.0,396365.0,14543.0,362478.0,19344.0,17829.0,729290394.0,61050000.0,632019444.0,36220950.0,27951675.0,2349.0
2015-11-01,2510.0,270.0,1864.0,376.0,321.0,456331.0,25196.0,386535.0,44600.0,32864.0,851228453.0,63159167.0,695762084.0,92307202.0,59923681.0,2831.0
2015-12-01,2379.0,427.0,1661.0,291.0,159.0,423800.0,45199.0,346808.0,31793.0,20471.0,829020105.0,136565500.0,630312916.0,62141689.0,39004946.0,2538.0
2016-01-01,1560.0,89.0,1286.0,185.0,135.0,304225.0,13603.0,269912.0,20710.0,11887.0,576622559.0,52063707.0,486720093.0,37838759.0,64678320.0,1695.0
2016-02-01,2257.0,204.0,1712.0,341.0,122.0,436469.0,37636.0,359323.0,39510.0,15212.0,894040662.0,147007000.0,670872559.0,76161103.0,31984906.0,2379.0
2016-03-01,2181.0,32.0,1815.0,334.0,134.0,424723.0,5119.0,380532.0,39072.0,18383.0,816495910.0,41949000.0,704718930.0,69827980.0,40248685.0,2315.0
2016-04-01,2102.0,25.0,1742.0,335.0,259.0,409236.0,3538.0,367693.0,38005.0,29218.0,750891542.0,11890000.0,667853599.0,71147943.0,51417661.0,2361.0
2016-05-01,2399.0,116.0,1956.0,327.0,121.0,450953.0,13234.0,400082.0,37637.0,12420.0,879656620.0,62424096.0,740051640.0,77180884.0,19685053.0,2520.0
2016-06-01,2463.0,236.0,1863.0,364.0,289.0,469530.0,37258.0,387040.0,45232.0,38726.0,873225451.0,93503374.0,700709477.0,79012600.0,55944307.0,2752.0
2016-07-01,2622.0,425.0,1761.0,436.0,189.0,457845.0,37712.0,367761.0,52372.0,19224.0,867683812.0,102260699.0,674343205.0,91079908.0,27121138.0,2811.0
2016-08-01,2762.0,232.0,2015.0,515.0,72.0,504030.0,22858.0,421189.0,59983.0,9167.0,992304389.0,84638675.0,782376898.0,125288816.0,20942350.0,2834.0
2016-09-01,2555.0,270.0,1892.0,393.0,59.0,469878.0,28181.0,392307.0,49390.0,6868.0,876367182.0,47414280.0,731766737.0,97186165.0,16329410.0,2614.0
2016-10-01,2401.0,229.0,1802.0,370.0,174.0,449616.0,29878.0,376887.0,42851.0,18815.0,882668911.0,90397500.0,712707013.0,79564398.0,75145122.0,2575.0
2016-11-01,2800.0,407.0,1886.0,507.0,205.0,488201.0,40482.0,389099.0,58620.0,20766.0,955646727.0,114100000.0,729486394.0,112060333.0,45302619.0,3005.0
2016-12-01,2012.0,138.0,1580.0,294.0,193.0,385011.0,13989.0,334843.0,36179.0,19987.0,776479022.0,64949887.0,642194701.0,69334434.0,56688752.0,2205.0
2017-01-01,1654.0,116.0,1253.0,285.0,98.0,308973.0,10756.0,264913.0,33304.0,13023.0,595789925.0,33049698.0,496932074.0,65808153.0,22840465.0,1752.0
2017-02-01,2359.0,225.0,1761.0,373.0,59.0,442639.0,31166.0,365492.0,45981.0,7562.0,888069507.0,82761000.0,716984195.0,88324312.0,23690197.0,2418.0
2017-03-01,2582.0,252.0,1923.0,407.0,197.0,468036.0,27070.0,394407.0,46559.0,23126.0,976846672.0,102757978.0,780567234.0,93521460.0,47505855.0,2779.0
2017-04-01,2060.0,228.0,1487.0,345.0,46.0,371720.0,21497.0,307866.0,42357.0,6022.0,782037962.0,100585000.0,598464729.0,82988233.0,12670605.0,2106.0
2017-05-01,2657.0,123.0,2039.0,495.0,137.0,477451.0,12655.0,410069.0,54727.0,17978.0,998313593.0,96597000.0,791921519.0,109795074.0,35948110.0,2794.0
2017-06-01,2338.0,268.0,1691.0,379.0,222.0,416472.0,21003.0,350855.0,44614.0,27466.0,843375276.0,69036488.0,684710281.0,89628507.0,74038726.0,2560.0
2017-07-01,2617.0,367.0,1900.0,350.0,145.0,463377.0,35346.0,391661.0,36370.0,16318.0,979068550.0,121721146.0,779225080.0,78122324.0,39422788.0,2762.0
2017-08-01,2871.0,384.0,2025.0,462.0,295.0,514063.0,43335.0,420949.0,49779.0,35596.0,1111057023.0,168392273.0,835064262.0,107600488.0,65880382.0,3166.0
2017-09-01,2685.0,415.0,1843.0,427.0,85.0,459138.0,34564.0,372422.0,52152.0,12014.0,988862432.0,125310000.0,759821590.0,103730842.0,48615556.0,2770.0
2017-10-01,2329.0,78.0,1806.0,445.0,220.0,452009.0,13290.0,386757.0,51962.0,39091.0,953165084.0,67131299.0,769193770.0,116840015.0,69532428.0,2549.0
2017-11-01,2990.0,543.0,1870.0,577.0,272.0,505346.0,44301.0,392777.0,68268.0,23733.0,1063607264.0,123663000.0,789503549.0,150440715.0,54741096.0,3262.0
2017-12-01,1994.0,240.0,1424.0,330.0,175.0,357922.0,24276.0,297201.0,36445.0,34084.0,755839103.0,57298453.0,621882645.0,76658005.0,44398992.0,2169.0
2018-01-01,1867.0,135.0,1380.0,352.0,49.0,342481.0,15829.0,286126.0,40526.0,8037.0,735021705.0,55642978.0,596581747.0,82796980.0,34475962.0,1916.0
2018-02-01,2305.0,133.0,1664.0,508.0,107.0,422689.0,14288.0,346273.0,62128.0,11561.0,933337135.0,74756372.0,727558939.0,131021824.0,29662390.0,2412.0
2018-03-01,2862.0,492.0,1753.0,617.0,64.0,475352.0,43197.0,361266.0,70889.0,7665.0,1035917192.0,118855000.0,750151392.0,166910800.0,37676432.0,2926.0
2018-04-01,2538.0,358.0,1614.0,566.0,191.0,414467.0,31077.0,323437.0,59953.0,20556.0,899661267.0,106391000.0,666717631.0,126552636.0,52650692.0,2729.0
2018-05-01,3152.0,454.0,2167.0,531.0,255.0,554582.0,58257.0,430796.0,65529.0,31374.0,1135421245.0,99945000.0,899275195.0,136201050.0,59379703.0,3407.0
2018-06-01,2648.0,323.0,1730.0,595.0,144.0,437287.0,16247.0,348222.0,72818.0,17148.0,962021790.0,64814000.0,739573001.0,157634789.0,37190010.0,2792.0
2018-07-01,2613.0,347.0,1731.0,535.0,139.0,449308.0,33659.0,351176.0,64473.0,18257.0,946790695.0,64791314.0,752188236.0,129811145.0,67308705.0,2752.0
2018-08-01,2884.0,507.0,1880.0,497.0,191.0,480516.0,42586.0,377729.0,60201.0,25568.0,1085486293.0,165586668.0,795005468.0,124894157.0,58501786.0,3075.0
2018-09-01,2394.0,215.0,1673.0,506.0,165.0,422976.0,26267.0,333427.0,63282.0,20958.0,893842891.0,59846868.0,702628104.0,131367919.0,40281818.0,2559.0
2018-10-01,2783.0,88.0,2032.0,663.0,143.0,491685.0,9672.0,399996.0,82017.0,17841.0,1094929216.0,76929000.0,855236946.0,162763270.0,37942213.0,2926.0
2018-11-01,2905.0,226.0,2009.0,670.0,215.0,493929.0,21218.0,397114.0,75597.0,27290.0,1066832781.0,71670300.0,835744229.0,159418252.0,66521597.0,3120.0
2018-12-01,2216.0,273.0,1492.0,451.0,166.0,387458.0,35293.0,299569.0,52596.0,16167.0,826936979.0,66783690.0,645223145.0,114930144.0,43248888.0,2382.0
2019-01-01,2284.0,341.0,1525.0,418.0,212.0,379078.0,37170.0,297932.0,43976.0,27744.0,938733492.0,185865852.0,655869381.0,96998259.0,71915387.0,2496.0
2019-02-01,2826.0,446.0,1814.0,566.0,272.0,474122.0,43547.0,365346.0,65229.0,25729.0,1069225891.0,115597500.0,814568199.0,139060192.0,44392280.0,3098.0
2019-03-01,3006.0,455.0,1949.0,602.0,174.0,484760.0,39964.0,376350.0,68446.0,14422.0,1189110251.0,221107795.0,819666818.0,148335638.0,38076410.0,3180.0
2019-04-01,2404.0,192.0,1659.0,553.0,201.0,407776.0,17415.0,326128.0,64233.0,26858.0,956393448.0,82601700.0,719094795.0,154696953.0,92269921.0,2605.0
2019-05-01,3465.0,529.0,2015.0,921.0,259.0,554507.0,54270.0,396672.0,103565.0,27661.0,1273966266.0,166752812.0,881055308.0,226158146.0,64635736.0,3724.0
2019-06-01,2780.0,491.0,1659.0,630.0,107.0,436878.0,39145.0,328490.0,69243.0,14041.0,1017008399.0,134257628.0,729655460.0,153095311.0,55175703.0,2887.0
2019-07-01,3266.0,513.0,2101.0,652.0,154.0,521246.0,50823.0,396990.0,73433.0,17130.0,1124996904.0,96514000.0,864932757.0,163550147.0,59598882.0,3420.0
2019-08-01,3034.0,340.0,1958.0,736.0,231.0,493712.0,34320.0,375261.0,84131.0,29430.0,1135535727.0,145057560.0,809040696.0,181437471.0,78361467.0,3265.0
2019-09-01,3171.0,611.0,1744.0,816.0,176.0,480786.0,50056.0,345605.0,85125.0,23002.0,1124752958.0,151182952.0,779626533.0,193943473.0,67498024.0,3347.0
2019-10-01,3136.0,175.0,2137.0,824.0,276.0,514702.0,20135.0,405818.0,88749.0,41345.0,1225153527.0,101007457.0,920048432.0,204097638.0,73355984.0,3412.0
2019-11-01,3020.0,291.0,2006.0,723.0,218.0,472751.0,18267.0,381530.0,72954.0,19930.0,1099286241.0,70418487.0,851223680.0,177644074.0,51074567.0,3238.0
2019-12-01,2847.0,378.0,1702.0,767.0,108.0,444245.0,42203.0,324532.0,77510.0,14196.0,1016080822.0,87088516.0,732876570.0,196115736.0,29377913.0,2955.0
2020-01-01,2441.0,242.0,1584.0,615.0,123.0,395999.0,28078.0,300704.0,67217.0,14447.0,911912414.0,80861548.0,664165846.0,166885020.0,29398554.0,2564.0
2020-02-01,3059.0,234.0,1994.0,831.0,226.0,493214.0,17817.0,378461.0,96936.0,27127.0,1150327403.0,72837462.0,862922309.0,214567632.0,65637039.0,3285.0
2020-03-01,2811.0,290.0,1732.0,789.0,104.0,470154.0,44386.0,339671.0,86097.0,16580.0,1132603724.0,157147342.0,782136765.0,193319617.0,29608506.0,2915.0
2020-04-01,2090.0,136.0,1364.0,590.0,84.0,334554.0,12630.0,262229.0,59695.0,13696.0,769314135.0,44565527.0,590938389.0,133810219.0,36657171.0,2174.0
2020-05-01,3386.0,493.0,1934.0,959.0,176.0,530538.0,63537.0,371295.0,95706.0,19591.0,1278002799.0,228098008.0,828360170.0,221544621.0,41489395.0,3562.0
2020-06-01,3189.0,233.0,1885.0,1071.0,288.0,499006.0,18486.0,359889.0,120631.0,32691.0,1136177114.0,62343839.0,807579670.0,266253605.0,101292618.0,3477.0
2020-07-01,3256.0,288.0,1938.0,1030.0,135.0,520834.0,26357.0,371663.0,122814.0,17946.0,1204383863.0,93522845.0,839593663.0,271267355.0,59084574.0,3391.0
2020-08-01,3053.0,205.0,1800.0,1048.0,103.0,474657.0,19023.0,341566.0,114068.0,11428.0,1134202514.0,85439860.0,801098020.0,247664634.0,33163732.0,3156.0
2020-09-01,3487.0,403.0,2052.0,1032.0,118.0,552793.0,41418.0,391352.0,120023.0,13379.0,1347031189.0,185434419.0,890422032.0,271174738.0,25990824.0,3605.0
2020-10-01,3498.0,364.0,1956.0,1178.0,161.0,553889.0,37087.0,377289.0,139513.0,21757.0,1307640410.0,122993480.0,870273540.0,314373390.0,45192914.0,3659.0
2020-11-01,3683.0,408.0,2056.0,1219.0,198.0,566818.0,36672.0,399365.0,130781.0,23612.0,1297176309.0,97453749.0,912595971.0,287126589.0,58067572.0,3881.0
2020-12-01,3601.0,443.0,1917.0,1241.0,150.0,539353.0,43803.0,373967.0,121583.0,14175.0,1279250350.0,154200966.0,853134271.0,271915113.0,59235495.0,3751.0
2021-01-01,2903.0,521.0,1487.0,895.0,122.0,428786.0,49657.0,285694.0,93435.0,17024.0,1086391690.0,204497428.0,659243982.0,222650280.0,35717628.0,3025.0
2021-02-01,2974.0,146.0,1944.0,884.0,155.0,492314.0,18074.0,373394.0,100846.0,13758.0,1195234044.0,103708000.0,865426626.0,226099418.0,34200864.0,3129.0
2021-03-01,3946.0,261.0,2442.0,1243.0,276.0,641677.0,22425.0,482514.0,136738.0,33230.0,1538537095.0,88798869.0,1125480510.0,324257716.0,72309449.0,4222.0
2021-04-01,3689.0,472.0,2140.0,1077.0,306.0,578620.0,52916.0,411871.0,113833.0,33871.0,1387235358.0,146175291.0,980861248.0,260198819.0,86520283.0,3995.0
2021-05-01,4055.0,241.0,2426.0,1388.0,146.0,640820.0,23438.0,471709.0,145673.0,19546.0,1609890970.0,154694657.0,1128352588.0,326843725.0,44854558.0,4201.0
2021-06-01,4093.0,413.0,2374.0,1306.0,223.0,645166.0,41129.0,463794.0,140243.0,28500.0,1575371013.0,137705580.0,1106904440.0,330760993.0,73247117.0,4316.0
2021-07-01,3820.0,250.0,2316.0,1254.0,402.0,603367.0,23180.0,445893.0,134294.0,49379.0,1482677662.0,80464707.0,1091915279.0,310297676.0,116058911.0,4222.0
2021-08-01,4239.0,172.0,2194.0,1873.0,269.0,650116.0,14848.0,429106.0,206162.0,39321.0,1582924969.0,56130364.0,1038170223.0,488624382.0,110817846.0,4508.0
2021-09-01,4303.0,502.0,2211.0,1590.0,218.0,652638.0,47740.0,434332.0,170566.0,23777.0,1642347522.0,130454800.0,1089969471.0,421923251.0,95998588.0,4521.0
2021-10-01,3845.0,331.0,2102.0,1412.0,203.0,595928.0,25985.0,410541.0,159402.0,25107.0,1491206363.0,82950816.0,1022593802.0,385661745.0,63106090.0,4048.0
2021-11-01,4397.0,490.0,2128.0,1779.0,295.0,677598.0,48434.0,419346.0,209818.0,40729.0,1765131704.0,189463007.0,1071189109.0,504479588.0,101847003.0,4692.0
2021-12-01,3873.0,397.0,1823.0,1653.0,255.0,573269.0,39567.0,357438.0,176264.0,32425.0,1523810796.0,112049076.0,944071758.0,467689962.0,95684371.0,4128.0
2022-01-01,2657.0,207.0,1435.0,1015.0,178.0,403540.0,21041.0,269493.0,113006.0,26842.0,1080755857.0,77958049.0,708723234.0,294074574.0,85204803.0,2835.0
2022-02-01,4010.0,218.0,1950.0,1842.0,185.0,576107.0,21373.0,366517.0,188217.0,24253.0,1568523398.0,99910964.0,960315828.0,508296606.0,76128912.0,4195.0
2022-03-01,5091.0,616.0,2303.0,2172.0,212.0,747123.0,51287.0,455579.0,240257.0,27410.0,1986329274.0,150968025.0,1226051274.0,609309975.0,69095559.0,5303.0
2022-04-01,3542.0,264.0,1653.0,1625.0,177.0,538058.0,21898.0,337976.0,178184.0,21747.0,1555238915.0,160320800.0,927269898.0,467648217.0,56588674.0,3719.0
2022-05-01,4359.0,177.0,2047.0,2135.0,169.0,645300.0,15622.0,400506.0,229172.0,24816.0,1745358522.0,63533784.0,1085870120.0,595954618.0,53125480.0,4528.0
2022-06-01,3874.0,289.0,1751.0,1834.0,163.0,568386.0,25145.0,338154.0,205087.0,22904.0,1587174348.0,115041424.0,921619098.0,550513826.0,52442855.0,4037.0
2022-07-01,3780.0,197.0,1730.0,1853.0,320.0,569307.0,22970.0,339999.0,206338.0,38434.0,1619192828.0,95966000.0,971726428.0,551500400.0,95743342.0,4100.0
2022-08-01,4106.0,408.0,1927.0,1771.0,441.0,602471.0,37172.0,371937.0,193362.0,41862.0,1747346172.0,161595144.0,1072575678.0,513175350.0,164606697.0,4547.0
2022-09-01,4314.0,778.0,1848.0,1688.0,286.0,614179.0,76366.0,354629.0,183184.0,33620.0,1758117442.0,255044926.0,1018306293.0,484766223.0,109293173.0,4600.0
2022-10-01,3429.0,239.0,1541.0,1649.0,139.0,491611.0,20187.0,293668.0,177756.0,19450.0,1399415298.0,67755157.0,846274893.0,485385248.0,69578279.0,3568.0
2022-11-01,4199.0,535.0,1837.0,1827.0,450.0,599296.0,59795.0,341045.0,198456.0,57894.0,1776031615.0,223805536.0,1002500077.0,549726002.0,154526632.0,4649.0
2022-12-01,3220.0,460.0,1378.0,1382.0,237.0,451399.0,34941.0,267858.0,148600.0,27402.0,1333759433.0,122451000.0,799573412.0,411735021.0,88521375.0,3457.0
2023-01-01,2425.0,373.0,1067.0,985.0,352.0,357615.0,36485.0,212538.0,108592.0,40783.0,1102106822.0,152423935.0,647337900.0,302344987.0,92555232.0,2777.0
2023-02-01,2641.0,176.0,1303.0,1162.0,331.0,386180.0,21328.0,244126.0,120726.0,40511.0,1188336202.0,87384250.0,761747051.0,339204901.0,124472223.0,2972.0
2023-03-01,3734.0,327.0,1586.0,1821.0,237.0,526886.0,30778.0,300312.0,195796.0,33618.0,1668473143.0,177418398.0,918983096.0,572071649.0,107423460.0,3971.0
2023-04-01,2609.0,157.0,1123.0,1329.0,152.0,364268.0,17827.0,211019.0,135422.0,16982.0,1110314939.0,63903084.0,638100296.0,408311559.0,60449000.0,2761.0
2023-05-01,3600.0,225.0,1643.0,1732.0,125.0,503993.0,32361.0,288818.0,182814.0,18176.0,1587140679.0,154125187.0,871493280.0,561522212.0,70318620.0,3725.0
2023-06-01,3212.0,146.0,1515.0,1551.0,190.0,466798.0,10640.0,288271.0,167887.0,21402.0,1445358319.0,52299743.0,864356564.0,528702012.0,73489901.0,3402.0
2023-07-01,2983.0,246.0,1183.0,1554.0,75.0,401993.0,17866.0,214115.0,170012.0,8289.0,1310614058.0,108518000.0,670376370.0,531719688.0,30856289.0,3058.0
2023-08-01,2860.0,139.0,1243.0,1478.0,310.0,410280.0,15743.0,231677.0,162860.0,34448.0,1322975633.0,75053132.0,749669937.0,498252564.0,128041601.0,3170.0
2023-09-01,2808.0,204.0,1200.0,1404.0,90.0,376471.0,16930.0,208954.0,150587.0,11505.0,1174237477.0,88910334.0,643841166.0,441485977.0,42400594.0,2898.0
2023-10-01,2876.0,241.0,1255.0,1380.0,184.0,397456.0,22938.0,229368.0,145150.0,24303.0,1286482171.0,125420396.0,712927600.0,448134175.0,71640648.0,3060.0
2023-11-01,2840.0,123.0,1462.0,1255.0,118.0,404470.0,10712.0,257621.0,136137.0,15135.0,1316149698.0,102210000.0,803269129.0,410670569.0,48112703.0,2958.0
2023-12-01,2384.0,161.0,1095.0,1128.0,103.0,328998.0,13602.0,199843.0,115553.0,12444.0,1061733263.0,71141029.0,626419689.0,364172545.0,35771540.0,2487.0
2024-01-01,1921.0,123.0,899.0,899.0,70.0,278140.0,12881.0,166641.0,98618.0,8269.0,883733315.0,62217000.0,518473858.0,303042457.0,19422950.0,1991.0
2024-02-01,2655.0,199.0,1297.0,1159.0,140.0,383108.0,19219.0,237553.0,126336.0,16460.0,1286677479.0,93228641.0,797232032.0,396216806.0,78089944.0,2795.0
2024-03-01,2772.0,224.0,1251.0,1297.0,159.0,389252.0,20904.0,222663.0,145685.0,14705.0,1252216318.0,96998000.0,707088361.0,448129957.0,50160263.0,2931.0
2024-04-01,2748.0,98.0,1354.0,1296.0,178.0,390800.0,9838.0,244559.0,136403.0,24129.0,1216810468.0,37386593.0,778623431.0,400800444.0,130533320.0,2926.0
2024-05-01,3088.0,109.0,1555.0,1424.0,87.0,442781.0,15707.0,280392.0,146682.0,10567.0,1451333642.0,85869526.0,896095454.0,469368662.0,36639030.0,3175.0
2024-06-01,2093.0,75.0,1122.0,896.0,85.0,298801.0,7699.0,199348.0,91754.0,11740.0,997396598.0,66814850.0,651023104.0,279558644.0,25995900.0,2178.0
2024-07-01,3118.0,100.0,1685.0,1333.0,234.0,422287.0,9588.0,273085.0,139614.0,32176.0,1345856353.0,41688700.0,866157758.0,438009895.0,102730996.0,3352.0
2024-08-01,2606.0,47.0,1422.0,1137.0,275.0,372840.0,3508.0,246174.0,123158.0,35713.0,1202161600.0,24530000.0,780974454.0,396657146.0,172438271.0,2881.0
2024-09-01,2746.0,277.0,1378.0,1091.0,197.0,374692.0,20670.0,236606.0,117416.0,23078.0,1238805882.0,141358758.0,748317974.0,349129150.0,80108458.0,2943.0
2024-10-01,2720.0,183.0,1363.0,1174.0,130.0,382338.0,17734.0,235180.0,129424.0,15541.0,1235705760.0,70684000.0,746844825.0,418176935.0,51163590.0,2850.0
2024-11-01,3025.0,186.0,1402.0,1437.0,75.0,415574.0,15072.0,247292.0,153210.0,9198.0,1341749423.0,66680000.0,793809422.0,481260001.0,35822216.0,3100.0
2024-12-01,2410.0,360.0,1052.0,998.0,68.0,335487.0,32914.0,194429.0,108144.0,9350.0,1097143252.0,83705150.0,679039600.0,334398502.0,26947432.0,2478.0
2025-01-01,2113.0,68.0,1077.0,968.0,90.0,304082.0,5672.0,193105.0,105305.0,11094.0,1012413895.0,50276410.0,635338121.0,326799364.0,32390400.0,2203.0
2025-02-01,2478.0,110.0,1191.0,1177.0,100.0,361386.0,14859.0,216018.0,130509.0,11146.0,1157012226.0,56833900.0,693915139.0,406263187.0,43561038.0,2578.0
2025-03-01,3321.0,495.0,1374.0,1452.0,77.0,457092.0,48124.0,246441.0,162527.0,10714.0,1375199607.0,101880952.0,785642003.0,487676652.0,29789255.0,3398.0
2025-04-01,2333.0,80.0,1148.0,1105.0,85.0,335789.0,7972.0,208987.0,118830.0,13208.0,1095565783.0,41693526.0,670023461.0,383848796.0,77785537.0,2418.0
2025-05-01,2940.0,156.0,1464.0,1320.0,211.0,429519.0,16770.0,259146.0,153603.0,25883.0,1357909996.0,60113493.0,847952171.0,449844332.0,78061598.0,3151.0
2025-06-01,2587.0,116.0,1302.0,1169.0,40.0,378544.0,17183.0,232019.0,129342.0,6541.0,1236945045.0,82556338.0,740224836.0,414163871.0,19645400.0,2627.0
2025-07-01,3117.0,192.0,1512.0,1413.0,135.0,439244.0,17501.0,268273.0,153470.0,17622.0,1414866904.0,77380000.0,853692911.0,483793993.0,77315225.0,3252.0
2025-08-01,2947.0,256.0,1492.0,1199.0,133.0,428261.0,29824.0,263256.0,135181.0,19774.0,1350145517.0,85996000.0,835252195.0,428897322.0,61675877.0,3080.0
2025-09-01,3671.0,436.0,1601.0,1634.0,76.0,496207.0,39209.0,283356.0,173642.0,10964.0,1557780688.0,85066238.0,920462133.0,552252317.0,53153199.0,3747.0
2025-10-01,3374.0,194.0,1568.0,1612.0,146.0,468924.0,17196.0,278123.0,173605.0,19908.0,1513245144.0,64605729.0,910826094.0,537813321.0,65071938.0,3520.0
2025-11-01,3387.0,184.0,1607.0,1596.0,130.0,471899.0,21681.0,281113.0,169105.0,14877.0,1563910042.0,128590383.0,903182609.0,532137050.0,53710337.0,3517.0
2025-12-01,2865.0,72.0,1299.0,1494.0,263.0,397248.0,5160.0,234891.0,157197.0,26513.0,1289418969.0,22608868.0,769125116.0,497684985.0,100179802.0,3128.0
2026-01-01,2339.0,145.0,1190.0,1004.0,189.0,329985.0,14719.0,206484.0,108782.0,21597.0,1047999937.0,40981797.0,661238612.0,345779528.0,82044541.0,2528.0
2026-02-01,2978.0,141.0,1532.0,1305.0,190.0,426699.0,11211.0,274831.0,140657.0,23536.0,1386357353.0,46251251.0,896347121.0,443758981.0,66611788.0,3168.0
2026-03-01,3550.0,265.0,1729.0,1556.0,127.0,497486.0,19182.0,313640.0,164664.0,16828.0,1615080181.0,68525561.0,1028216845.0,518337775.0,51676835.0,3677.0
2026-04-01,3633.0,499.0,1604.0,1530.0,59.0,479382.0,39253.0,286736.0,153393.0,9732.0,1534224236.0,112460737.0,930676193.0,491087306.0,27362525.0,3692.0
2026-05-01,3607.0,54.0,1835.0,1718.0,194.0,496702.0,4429.0,321016.0,171257.0,26083.0,1610573382.0,17449000.0,1047337469.0,545786913.0,93194331.0,3801.0
2026-06-01,3339.0,67.0,1658.0,1614.0,132.0,470139.0,5772.0,289760.0,174607.0,16921.0,1547775280.0,18916000.0,956538027.0,572321253.0,54652343.0,3471.0
2026-07-01,3532.0,196.0,1769.0,1567.0,47.0,486174.0,12736.0,304143.0,169295.0,6618.0,1598705487.0,74246700.0,988081511.0,536377276.0,20817044.0,3579.0
