year,quarter,centre,male,female,total
1991,1,1991.125,1712100.0,1769500.0,3481500.0
1991,2,1991.375,1717300.0,1774200.0,3491500.0
1991,3,1991.625,1721700.0,1778200.0,3499900.0
1991,4,1991.875,1727100.0,1783200.0,3510300.0
1992,1,1992.125,1733000.0,1788200.0,3521300.0
1992,2,1992.375,1737500.0,1791600.0,3529100.0
1992,3,1992.625,1741000.0,1794600.0,3535600.0
1992,4,1992.875,1746100.0,1799900.0,3545900.0
1993,1,1993.125,1752300.0,1806100.0,3558300.0
1993,2,1993.375,1757400.0,1810900.0,3568300.0
1993,3,1993.625,1762200.0,1815400.0,3577500.0
1993,4,1993.875,1768700.0,1821700.0,3590400.0
1994,1,1994.125,1776000.0,1828700.0,3604700.0
1994,2,1994.375,1781700.0,1834100.0,3615700.0
1994,3,1994.625,1786800.0,1839200.0,3625900.0
1994,4,1994.875,1793800.0,1846300.0,3640100.0
1995,1,1995.125,1801800.0,1854200.0,3656000.0
1995,2,1995.375,1808300.0,1860200.0,3668500.0
1995,3,1995.625,1814800.0,1866300.0,3681000.0
1995,4,1995.875,1823400.0,1874300.0,3697700.0
1996,1,1996.125,1832400.0,1882700.0,3715000.0
1996,2,1996.375,1839000.0,1888700.0,3727700.0
1996,3,1996.625,1844400.0,1894400.0,3738800.0
1996,4,1996.875,1851500.0,1902500.0,3753900.0
1997,1,1997.125,1858400.0,1910400.0,3768800.0
1997,2,1997.375,1862500.0,1915800.0,3778300.0
1997,3,1997.625,1865800.0,1920500.0,3786300.0
1997,4,1997.875,1870400.0,1926500.0,3797000.0
1998,1,1998.125,1874800.0,1932200.0,3807000.0
1998,2,1998.375,1877200.0,1936000.0,3813100.0
1998,3,1998.625,1878800.0,1939200.0,3818000.0
1998,4,1998.875,1881600.0,1943500.0,3825100.0
1999,1,1999.125,1883900.0,1947200.0,3831100.0
1999,2,1999.375,1884700.0,1949400.0,3834000.0
1999,3,1999.625,1886000.0,1952000.0,3838100.0
1999,4,1999.875,1889400.0,1956700.0,3846100.0
2000,1,2000.125,1892600.0,1960900.0,3853500.0
2000,2,2000.375,1893600.0,1963200.0,3856800.0
2000,3,2000.625,1895300.0,1966000.0,3861300.0
2000,4,2000.875,1898600.0,1970300.0,3869000.0
2001,1,2001.125,1901000.0,1973700.0,3874700.0
2001,2,2001.375,1902400.0,1976000.0,3878400.0
2001,3,2001.625,1906700.0,1981200.0,3887900.0
2001,4,2001.875,1915400.0,1990400.0,3905800.0
2002,1,2002.125,1925400.0,2000600.0,3925900.0
2002,2,2002.375,1933400.0,2008700.0,3942100.0
2002,3,2002.625,1941100.0,2016900.0,3958000.0
2002,4,2002.875,1951200.0,2027400.0,3978600.0
2003,1,2003.125,1962800.0,2038600.0,4001400.0
2003,2,2003.375,1972300.0,2048000.0,4020300.0
2003,3,2003.625,1979700.0,2056200.0,4035900.0
2003,4,2003.875,1987800.0,2065300.0,4053100.0
2004,1,2004.125,1995800.0,2074300.0,4070200.0
2004,2,2004.375,2001800.0,2081300.0,4083100.0
2004,3,2004.625,2006800.0,2087200.0,4094100.0
2004,4,2004.875,2013000.0,2094400.0,4107500.0
2005,1,2005.125,2019100.0,2101300.0,4120500.0
2005,2,2005.375,2023600.0,2106600.0,4130200.0
2005,3,2005.625,2027900.0,2112100.0,4139900.0
2005,4,2005.875,2034100.0,2119400.0,4153500.0
2006,1,2006.125,2041200.0,2127300.0,4168500.0
2006,2,2006.375,2046500.0,2133800.0,4180300.0
2006,3,2006.625,2050800.0,2139200.0,4190000.0
2006,4,2006.875,2056500.0,2145800.0,4202300.0
2007,1,2007.125,2062100.0,2152200.0,4214300.0
2007,2,2007.375,2065500.0,2156100.0,4221600.0
2007,3,2007.625,2068900.0,2160100.0,4229000.0
2007,4,2007.875,2074100.0,2165900.0,4240000.0
2008,1,2008.125,2079200.0,2171500.0,4250700.0
2008,2,2008.375,2082500.0,2175200.0,4257700.0
2008,3,2008.625,2085800.0,2178900.0,4264700.0
2008,4,2008.875,2090700.0,2184300.0,4274900.0
2009,1,2009.125,2096700.0,2190200.0,4286900.0
2009,2,2009.375,2102400.0,2195600.0,4298000.0
2009,3,2009.625,2108300.0,2201600.0,4309900.0
2009,4,2009.875,2115600.0,2209200.0,4324700.0
2010,1,2010.125,2122400.0,2216500.0,4338900.0
2010,2,2010.375,2126700.0,2221500.0,4348200.0
2010,3,2010.625,2130600.0,2226100.0,4356700.0
2010,4,2010.875,2136300.0,2232000.0,4368300.0
2011,1,2011.125,2141200.0,2237000.0,4378200.0
2011,2,2011.375,2143400.0,2239800.0,4383200.0
2011,3,2011.625,2145500.0,2242500.0,4388000.0
2011,4,2011.875,2149300.0,2246500.0,4395700.0
2012,1,2012.125,2152900.0,2250000.0,4402900.0
2012,2,2012.375,2154800.0,2252400.0,4407300.0
2012,3,2012.625,2156800.0,2255100.0,4411800.0
2012,4,2012.875,2161200.0,2259600.0,4420700.0
2013,1,2013.125,2166400.0,2264500.0,4430900.0
2013,2,2013.375,2170600.0,2268500.0,4439000.0
2013,3,2013.625,2176800.0,2273200.0,4450000.0
2013,4,2013.875,2187000.0,2280700.0,4467600.0
2014,1,2014.125,2199300.0,2289900.0,4489200.0
2014,2,2014.375,2210900.0,2297900.0,4508800.0
2014,3,2014.625,2222800.0,2305500.0,4528400.0
2014,4,2014.875,2236900.0,2315500.0,4552300.0
2015,1,2015.125,2251700.0,2326400.0,4578100.0
2015,2,2015.375,2264900.0,2335800.0,4600600.0
2015,3,2015.625,2277700.0,2345100.0,4622800.0
2015,4,2015.875,2292900.0,2357100.0,4650000.0
2016,1,2016.125,2309000.0,2370400.0,4679400.0
2016,2,2016.375,2323000.0,2381500.0,4704600.0
2016,3,2016.625,2335800.0,2391800.0,4727700.0
2016,4,2016.875,2350200.0,2404200.0,4754400.0
2017,1,2017.125,2365200.0,2417000.0,4782200.0
2017,2,2017.375,2377900.0,2427300.0,4805200.0
2017,3,2017.625,2388700.0,2436200.0,4824900.0
2017,4,2017.875,2401100.0,2446800.0,4847900.0
2018,1,2018.125,2414800.0,2458100.0,4872800.0
2018,2,2018.375,2426100.0,2467200.0,4893400.0
2018,3,2018.625,2435000.0,2474800.0,4909900.0
2018,4,2018.875,2444400.0,2483600.0,4927900.0
2019,1,2019.125,2454700.0,2493000.0,4947700.0
2019,2,2019.375,2463800.0,2500700.0,4964500.0
2019,3,2019.625,2473600.0,2509500.0,4983100.0
2019,4,2019.875,2488300.0,2523200.0,5011500.0
2020,1,2020.125,2506300.0,2540900.0,5047200.0
2020,2,2020.375,2517700.0,2552200.0,5069900.0
2020,3,2020.625,2520500.0,2555000.0,5075500.0
2020,4,2020.875,2522500.0,2557500.0,5080000.0
2021,1,2021.125,2523900.0,2558500.0,5082400.0
2021,2,2021.375,2524700.0,2559200.0,5084000.0
2021,3,2021.625,2525000.0,2560300.0,5085300.0
2021,4,2021.875,2525200.0,2560600.0,5085700.0
2022,1,2022.125,2524100.0,2559500.0,5083600.0
2022,2,2022.375,2523200.0,2558600.0,5081800.0
2022,3,2022.625,2525900.0,2561800.0,5087700.0
2022,4,2022.875,2536100.0,2571100.0,5107200.0
2023,1,2023.125,2556600.0,2586800.0,5143300.0
2023,2,2023.375,2579800.0,2603200.0,5183000.0
2023,3,2023.625,2600100.0,2619300.0,5219400.0
2023,4,2023.875,2616000.0,2634900.0,5250900.0
2024,1,2024.125,2626900.0,2646200.0,5273100.0
2024,2,2024.375,2633000.0,2653400.0,5286500.0
2024,3,2024.625,2636100.0,2659300.0,5295400.0
2024,4,2024.875,2639000.0,2665400.0,5304300.0
2025,1,2025.125,2641600.0,2671000.0,5312600.0
2025,2,2025.375,2643600.0,2675700.0,5319200.0
2025,3,2025.625,2645600.0,2680700.0,5326300.0
2025,4,2025.875,2648800.0,2686700.0,5335500.0
2026,1,2026.125,2652800.0,2692800.0,5345700.0
2026,2,2026.375,2656600.0,2698000.0,5354600.0
