"Estimated Resident Population (Mean Quarter Ended) by Sex (1991+) (Qrtly-Mar/Jun/Sep/Dec)","","",""
"","Male","Female","Total"
"1991Q1",1712100,1769500,3481500
"1991Q2",1717300,1774200,3491500
"1991Q3",1721700,1778200,3499900
"1991Q4",1727100,1783200,3510300
"1992Q1",1733000,1788200,3521300
"1992Q2",1737500,1791600,3529100
"1992Q3",1741000,1794600,3535600
"1992Q4",1746100,1799900,3545900
"1993Q1",1752300,1806100,3558300
"1993Q2",1757400,1810900,3568300
"1993Q3",1762200,1815400,3577500
"1993Q4",1768700,1821700,3590400
"1994Q1",1776000,1828700,3604700
"1994Q2",1781700,1834100,3615700
"1994Q3",1786800,1839200,3625900
"1994Q4",1793800,1846300,3640100
"1995Q1",1801800,1854200,3656000
"1995Q2",1808300,1860200,3668500
"1995Q3",1814800,1866300,3681000
"1995Q4",1823400,1874300,3697700
"1996Q1",1832400,1882700,3715000
"1996Q2",1839000,1888700,3727700
"1996Q3",1844400,1894400,3738800
"1996Q4",1851500,1902500,3753900
"1997Q1",1858400,1910400,3768800
"1997Q2",1862500,1915800,3778300
"1997Q3",1865800,1920500,3786300
"1997Q4",1870400,1926500,3797000
"1998Q1",1874800,1932200,3807000
"1998Q2",1877200,1936000,3813100
"1998Q3",1878800,1939200,3818000
"1998Q4",1881600,1943500,3825100
"1999Q1",1883900,1947200,3831100
"1999Q2",1884700,1949400,3834000
"1999Q3",1886000,1952000,3838100
"1999Q4",1889400,1956700,3846100
"2000Q1",1892600,1960900,3853500
"2000Q2",1893600,1963200,3856800
"2000Q3",1895300,1966000,3861300
"2000Q4",1898600,1970300,3869000
"2001Q1",1901000,1973700,3874700
"2001Q2",1902400,1976000,3878400
"2001Q3",1906700,1981200,3887900
"2001Q4",1915400,1990400,3905800
"2002Q1",1925400,2000600,3925900
"2002Q2",1933400,2008700,3942100
"2002Q3",1941100,2016900,3958000
"2002Q4",1951200,2027400,3978600
"2003Q1",1962800,2038600,4001400
"2003Q2",1972300,2048000,4020300
"2003Q3",1979700,2056200,4035900
"2003Q4",1987800,2065300,4053100
"2004Q1",1995800,2074300,4070200
"2004Q2",2001800,2081300,4083100
"2004Q3",2006800,2087200,4094100
"2004Q4",2013000,2094400,4107500
"2005Q1",2019100,2101300,4120500
"2005Q2",2023600,2106600,4130200
"2005Q3",2027900,2112100,4139900
"2005Q4",2034100,2119400,4153500
"2006Q1",2041200,2127300,4168500
"2006Q2",2046500,2133800,4180300
"2006Q3",2050800,2139200,4190000
"2006Q4",2056500,2145800,4202300
"2007Q1",2062100,2152200,4214300
"2007Q2",2065500,2156100,4221600
"2007Q3",2068900,2160100,4229000
"2007Q4",2074100,2165900,4240000
"2008Q1",2079200,2171500,4250700
"2008Q2",2082500,2175200,4257700
"2008Q3",2085800,2178900,4264700
"2008Q4",2090700,2184300,4274900
"2009Q1",2096700,2190200,4286900
"2009Q2",2102400,2195600,4298000
"2009Q3",2108300,2201600,4309900
"2009Q4",2115600,2209200,4324700
"2010Q1",2122400,2216500,4338900
"2010Q2",2126700,2221500,4348200
"2010Q3",2130600,2226100,4356700
"2010Q4",2136300,2232000,4368300
"2011Q1",2141200,2237000,4378200
"2011Q2",2143400,2239800,4383200
"2011Q3",2145500,2242500,4388000
"2011Q4",2149300,2246500,4395700
"2012Q1",2152900,2250000,4402900
"2012Q2",2154800,2252400,4407300
"2012Q3",2156800,2255100,4411800
"2012Q4",2161200,2259600,4420700
"2013Q1",2166400,2264500,4430900
"2013Q2",2170600,2268500,4439000
"2013Q3",2176800,2273200,4450000
"2013Q4",2187000,2280700,4467600
"2014Q1",2199300,2289900,4489200
"2014Q2",2210900,2297900,4508800
"2014Q3",2222800,2305500,4528400
"2014Q4",2236900,2315500,4552300
"2015Q1",2251700,2326400,4578100
"2015Q2",2264900,2335800,4600600
"2015Q3",2277700,2345100,4622800
"2015Q4",2292900,2357100,4650000
"2016Q1",2309000,2370400,4679400
"2016Q2",2323000,2381500,4704600
"2016Q3",2335800,2391800,4727700
"2016Q4",2350200,2404200,4754400
"2017Q1",2365200,2417000,4782200
"2017Q2",2377900,2427300,4805200
"2017Q3",2388700,2436200,4824900
"2017Q4",2401100,2446800,4847900
"2018Q1",2414800,2458100,4872800
"2018Q2",2426100,2467200,4893400
"2018Q3",2435000,2474800,4909900
"2018Q4",2444400,2483600,4927900
"2019Q1",2454700,2493000,4947700
"2019Q2",2463800,2500700,4964500
"2019Q3",2473600,2509500,4983100
"2019Q4",2488300,2523200,5011500
"2020Q1",2506300,2540900,5047200
"2020Q2",2517700,2552200,5069900
"2020Q3",2520500,2555000,5075500
"2020Q4",2522500,2557500,5080000
"2021Q1",2523900,2558500,5082400
"2021Q2",2524700,2559200,5084000
"2021Q3",2525000,2560300,5085300
"2021Q4",2525200,2560600,5085700
"2022Q1",2524100,2559500,5083600
"2022Q2",2523200,2558600,5081800
"2022Q3",2525900,2561800,5087700
"2022Q4",2536100,2571100,5107200
"2023Q1",2556600,2586800,5143300
"2023Q2",2579800,2603200,5183000
"2023Q3",2600100,2619300,5219400
"2023Q4",2616000,2634900,5250900
"2024Q1",2626900,2646200,5273100
"2024Q2",2633000,2653400,5286500
"2024Q3",2636100,2659300,5295400
"2024Q4",2639000,2665400,5304300
"2025Q1",2641600,2671000,5312600
"2025Q2",2643600,2675700,5319200
"2025Q3",2645600,2680700,5326300
"2025Q4",2648800,2686700,5335500
"2026Q1",2652800,2692800,5345700
"2026Q2",2656600,2698000,5354600
"Table information:"
"Units:"
"Number, Magnitude = Units"
""
"Footnotes:"
"Population estimates include the latest migration estimates published in the same month."
"Due to rounding, individual figures may not sum to stated totals."
"All population estimates at 30 June 2023 and beyond are based on the 2023 Estimated Resident Population (ERP)."
"Population estimates after 30 June 2018 have been revised to incorporate results from the 2023 Census and 2023 Post-enumeration Survey."
"Estimates flagged as provisional are subject to revision, mainly to incorporate revisions to external (international) migration and birth estimates."
" "
"Symbols:"
".. figure not available"
"C: Confidential"
"E: Early Estimate"
"P: Provisional"
"R: Revised"
"S: Suppressed"
""
"Status flags are not displayed"
""
"Table reference: "
"DPE059AA"
""
"Last updated:"
"18 August 2026 10:45am"
""
"Source: Statistics New Zealand"
"Contact: Information Centre"
"Telephone: 0508 525 525"
"Email:info@stats.govt.nz"
""
""
""
