,gfa_5,gfa_25,gfa_50,gfa_75,gfa_95,carbon_5,carbon_25,carbon_50,carbon_75,carbon_95
2025,814674.5763697587,910434.7032798716,981303.2903227767,1049451.1892618204,1141420.2780867452,274643717.41937155,309515416.097322,334324830.67712843,360036996.10138285,396310316.1445152
2026,4311582.861628682,4627526.185874747,4858577.780538658,5101472.073665555,5471077.261551584,1594438741.7012105,1728317802.486146,1825815105.1905522,1932120471.363336,2087125841.5032449
2027,3272606.772140658,3779135.8124481076,4195163.359797552,4651090.981756267,5385590.857849339,1217720412.9249873,1414010263.64185,1577331732.8699737,1758790074.426889,2041602991.0926507
2028,1659483.1918236662,2470023.80181142,3089604.290786824,3732045.22574964,4837919.4966730205,605221757.6779743,919586966.305337,1159450535.5698423,1406658503.4978602,1841013010.5426862
2029,2179808.4451744417,2817784.2400477557,3306801.611186471,3874800.3483070545,4795914.196531695,808818587.2337956,1054000292.8410118,1248509773.5142636,1466740242.838564,1821836806.8373413
2030,2470046.491772192,3019819.2185988612,3455492.4107812955,3972159.741938674,4794358.76583775,921222570.066537,1135169711.2615275,1308566618.9422362,1508666611.0624619,1825505798.1482718
2031,2626655.283731551,3124293.045617116,3516059.742326844,3991511.0539155533,4734560.383328091,981895544.704834,1175628392.147678,1333119700.4764395,1517561429.8374383,1806560476.2411895
2032,2758120.0314699924,3214314.272221881,3569081.4197201654,3985503.8541459097,4633764.582039071,1034815675.8406521,1211991624.4456549,1353715420.6629457,1519759317.2968147,1772838601.6019373
2033,2762508.344431576,3192798.7233332675,3515521.370537972,3880667.3361618207,4444511.913096469,1038046648.1944747,1207034679.2492743,1335155055.2160916,1481304666.862417,1703944274.586335
2034,2715508.498682308,3136339.9859176157,3435303.61541958,3754476.779005167,4234051.158145823,1021030344.0179812,1186904376.2366378,1306347755.4854043,1433322678.3691285,1625984170.6397598
2035,2700553.043057793,3111659.0624442073,3388521.216887591,3676626.4345454266,4091657.6224603956,1015675868.7886299,1176918956.9151087,1289284200.5655212,1405319808.2679093,1574380918.2559557
2036,2641981.542438527,3048939.907888395,3317182.0389173115,3590402.3277576896,3982810.655379645,995598030.8757186,1154033835.9430346,1261759444.746631,1372946059.8319082,1534380979.8657165
2037,2551008.685622288,2956855.3762003696,3225072.0904356716,3502729.4737914503,3906179.384990068,962107235.1053278,1119855017.767827,1227121352.408885,1338998660.3142729,1504000175.7968524
2038,2428730.2459602472,2839358.2348337085,3116053.0388317825,3413434.2856807485,3881917.220326351,916613102.6652241,1076512115.3707483,1187486502.0318358,1305617627.229496,1490259217.3974938
2039,2350819.388018253,2751299.244526675,3027611.733006242,3337728.412885552,3873005.0018408136,887045560.4243722,1043123472.3499812,1154158217.3676205,1277219981.8685915,1484823262.1788454
2040,2316237.0780170304,2699207.6478612693,2964305.644568247,3264392.5336500513,3822639.8349693725,874388264.2494936,1023409492.1159286,1129270645.3217688,1249248025.2549503,1464980424.4205165
2041,2254673.559302436,2629917.4681655522,2890508.8737097546,3183177.513356178,3741624.3459918005,850894840.812544,997652026.068097,1101007613.34657,1218693106.5879965,1434112023.5434422
2042,2166055.1528573073,2544131.0394454384,2804428.431553673,3093996.2596740695,3632729.0569474055,818280208.8865068,964769572.5934289,1068274034.976841,1185356010.039947,1390729476.1743333
2043,2050252.5366094196,2440806.7867263425,2710188.8244737578,2998965.1056967983,3492589.390736002,774324530.3119788,925435982.0232059,1032469803.0079901,1148497460.7780218,1337018462.135775
2044,1970269.5562744562,2479917.7093949392,2844086.409762497,3202378.35846115,3747854.7582537904,744232691.3936176,942055367.9091481,1084520973.0146768,1228346801.7886672,1436832071.9990695
2045,1926606.0061696302,2429464.1073144525,2806398.809149107,3162508.5903427433,3669107.889389949,727836119.5860988,923819670.9353706,1069715573.8629892,1212888661.421072,1408372296.0215926
2046,1881487.0110195365,2391938.110635196,2775331.1815541564,3132532.581235895,3620457.2675723815,711199799.735427,909504348.7688265,1057978903.1900722,1201694735.1382995,1392883067.1681368
2047,1836818.2770447733,2366607.6524111186,2752135.026148376,3112830.8509457707,3609604.467490498,694668544.5777358,899845059.7763611,1049496391.9002514,1195076298.1766517,1388566001.3647623
2048,1792206.128619716,2351745.636623023,2735491.346306853,3106883.9444784843,3635656.4770036708,677631015.5020673,894403926.1906159,1044193200.313148,1192666513.3296974,1395698803.7057285
2049,1736495.695234072,2343458.1253768713,2723925.7726802896,3109931.7409969685,3675899.010491853,657678759.8752383,890519786.2556806,1041151777.4826719,1192717502.3017514,1410144875.8871076
2050,1685315.9902612374,2325778.3936592923,2709433.3357940763,3106483.0971390437,3700489.0146412654,638217488.5808525,884529753.5278487,1035655638.6379206,1192901739.3449316,1420504364.5911891
