STRUCTURE,STRUCTURE_ID,STRUCTURE_NAME,ACTION,CEN23_TBT_DWD_001,Variable codes,CEN23_YEAR_001,Census year,OBS_VALUE,Observation Value,OBS_STATUS,Observation Status
DATAFLOW,STATSNZ:CEN23_TBT_001(1.0),"Totals by topic for dwellings, (NZ total), 2013, 2018, and 2023 Censuses",I,nb011,Eleven bedrooms,2023,2023,21,,,
DATAFLOW,STATSNZ:CEN23_TBT_001(1.0),"Totals by topic for dwellings, (NZ total), 2013, 2018, and 2023 Censuses",I,nb014,Fourteen or more bedrooms,2013,2013,819,,,
DATAFLOW,STATSNZ:CEN23_TBT_001(1.0),"Totals by topic for dwellings, (NZ total), 2013, 2018, and 2023 Censuses",I,ftTotal,Fuel types used to heat dwellings (total responses) - total occupied private dwellings,2018,2018,1664313,,,
DATAFLOW,STATSNZ:CEN23_TBT_001(1.0),"Totals by topic for dwellings, (NZ total), 2013, 2018, and 2023 Censuses",I,ftTotal,Fuel types used to heat dwellings (total responses) - total occupied private dwellings,2023,2023,1793613,,,
DATAFLOW,STATSNZ:CEN23_TBT_001(1.0),"Totals by topic for dwellings, (NZ total), 2013, 2018, and 2023 Censuses",I,na2,2 absentees,2018,2018,,,s,Suppressed
DATAFLOW,STATSNZ:CEN23_TBT_001(1.0),"Totals by topic for dwellings, (NZ total), 2013, 2018, and 2023 Censuses",I,na2,2 absentees,2023,2023,18885,,,
DATAFLOW,STATSNZ:CEN23_TBT_001(1.0),"Totals by topic for dwellings, (NZ total), 2013, 2018, and 2023 Censuses",I,nr010,Ten rooms,2023,2023,57981,,,
DATAFLOW,STATSNZ:CEN23_TBT_001(1.0),"Totals by topic for dwellings, (NZ total), 2013, 2018, and 2023 Censuses",I,nr013,Thirteen rooms,2013,2013,5058,,,
DATAFLOW,STATSNZ:CEN23_TBT_001(1.0),"Totals by topic for dwellings, (NZ total), 2013, 2018, and 2023 Censuses",I,do22,Empty Dwelling,2018,2018,97842,,,
DATAFLOW,STATSNZ:CEN23_TBT_001(1.0),"Totals by topic for dwellings, (NZ total), 2013, 2018, and 2023 Censuses",I,do22,Empty Dwelling,2023,2023,111666,,,
DATAFLOW,STATSNZ:CEN23_TBT_001(1.0),"Totals by topic for dwellings, (NZ total), 2013, 2018, and 2023 Censuses",I,dt1000,Private dwelling not further defined,2018,2018,21,,,
DATAFLOW,STATSNZ:CEN23_TBT_001(1.0),"Totals by topic for dwellings, (NZ total), 2013, 2018, and 2023 Censuses",I,dt1113,Separate house with two or more storeys,2013,2013,292581,,,
DATAFLOW,STATSNZ:CEN23_TBT_001(1.0),"Totals by topic for dwellings, (NZ total), 2013, 2018, and 2023 Censuses",I,dt1314,Roofless or rough sleeper,2023,2023,450,,,
DATAFLOW,STATSNZ:CEN23_TBT_001(1.0),"Totals by topic for dwellings, (NZ total), 2013, 2018, and 2023 Censuses",I,dt2112,Public hospital,2018,2018,105,,,
DATAFLOW,STATSNZ:CEN23_TBT_001(1.0),"Totals by topic for dwellings, (NZ total), 2013, 2018, and 2023 Censuses",I,dt2115,Welfare institution,2013,2013,63,,,
DATAFLOW,STATSNZ:CEN23_TBT_001(1.0),"Totals by topic for dwellings, (NZ total), 2013, 2018, and 2023 Censuses",I,dt2215,"Youth, school or Scout/Guide camp",2023,2023,279,,,
DATAFLOW,STATSNZ:CEN23_TBT_001(1.0),"Totals by topic for dwellings, (NZ total), 2013, 2018, and 2023 Censuses",I,he5,Wood burner,2018,2018,494841,,,
DATAFLOW,STATSNZ:CEN23_TBT_001(1.0),"Totals by topic for dwellings, (NZ total), 2013, 2018, and 2023 Censuses",I,he5,Wood burner,2023,2023,462549,,,
DATAFLOW,STATSNZ:CEN23_TBT_001(1.0),"Totals by topic for dwellings, (NZ total), 2013, 2018, and 2023 Censuses",I,heTS,Total stated - main types of heating used,2018,2018,1529661,,,
DATAFLOW,STATSNZ:CEN23_TBT_001(1.0),"Totals by topic for dwellings, (NZ total), 2013, 2018, and 2023 Censuses",I,nbmea,Average - number of bedrooms,2018,2018,3.1,,,
DATAFLOW,STATSNZ:CEN23_TBT_001(1.0),"Totals by topic for dwellings, (NZ total), 2013, 2018, and 2023 Censuses",I,nb001,One bedroom,2013,2013,84135,,,
DATAFLOW,STATSNZ:CEN23_TBT_001(1.0),"Totals by topic for dwellings, (NZ total), 2013, 2018, and 2023 Censuses",I,nb002,Two bedrooms,2018,2018,318492,,,
DATAFLOW,STATSNZ:CEN23_TBT_001(1.0),"Totals by topic for dwellings, (NZ total), 2013, 2018, and 2023 Censuses",I,nb007,Seven bedrooms,2023,2023,5325,,,
DATAFLOW,STATSNZ:CEN23_TBT_001(1.0),"Totals by topic for dwellings, (NZ total), 2013, 2018, and 2023 Censuses",I,ft013,Wood,2013,2013,542283,,,
DATAFLOW,STATSNZ:CEN23_TBT_001(1.0),"Totals by topic for dwellings, (NZ total), 2013, 2018, and 2023 Censuses",I,ft014,Coal,2018,2018,19203,,,
DATAFLOW,STATSNZ:CEN23_TBT_001(1.0),"Totals by topic for dwellings, (NZ total), 2013, 2018, and 2023 Censuses",I,ft017,No fuels used in this dwelling,2013,2013,44832,,,
DATAFLOW,STATSNZ:CEN23_TBT_001(1.0),"Totals by topic for dwellings, (NZ total), 2013, 2018, and 2023 Censuses",I,ft018,Other fuel(s),2018,2018,8184,,,
DATAFLOW,STATSNZ:CEN23_TBT_001(1.0),"Totals by topic for dwellings, (NZ total), 2013, 2018, and 2023 Censuses",I,ftTS,Total stated - fuel types used to heat dwellings,2023,2023,1635357,,,
DATAFLOW,STATSNZ:CEN23_TBT_001(1.0),"Totals by topic for dwellings, (NZ total), 2013, 2018, and 2023 Censuses",I,naTS,Total stated - number of absentees,2023,2023,1793613,,,
DATAFLOW,STATSNZ:CEN23_TBT_001(1.0),"Totals by topic for dwellings, (NZ total), 2013, 2018, and 2023 Censuses",I,nr006,Six rooms,2023,2023,474315,,,
DATAFLOW,STATSNZ:CEN23_TBT_001(1.0),"Totals by topic for dwellings, (NZ total), 2013, 2018, and 2023 Censuses",I,nr014,Fourteen rooms,2023,2023,2778,,,
DATAFLOW,STATSNZ:CEN23_TBT_001(1.0),"Totals by topic for dwellings, (NZ total), 2013, 2018, and 2023 Censuses",I,nr017,Seventeen rooms,2013,2013,570,,,
DATAFLOW,STATSNZ:CEN23_TBT_001(1.0),"Totals by topic for dwellings, (NZ total), 2013, 2018, and 2023 Censuses",I,nr999,Not elsewhere included,2023,2023,678,,,
DATAFLOW,STATSNZ:CEN23_TBT_001(1.0),"Totals by topic for dwellings, (NZ total), 2013, 2018, and 2023 Censuses",I,nrTotal,Number of rooms - total occupied private dwellings,2013,2013,1561959,,,
DATAFLOW,STATSNZ:CEN23_TBT_001(1.0),"Totals by topic for dwellings, (NZ total), 2013, 2018, and 2023 Censuses",I,dt1,Private dwelling,2013,2013,1561959,,,
DATAFLOW,STATSNZ:CEN23_TBT_001(1.0),"Totals by topic for dwellings, (NZ total), 2013, 2018, and 2023 Censuses",I,dt1211,Joined dwelling no storey information,2018,2018,25989,,,
DATAFLOW,STATSNZ:CEN23_TBT_001(1.0),"Totals by topic for dwellings, (NZ total), 2013, 2018, and 2023 Censuses",I,dt1216,Joined dwelling in a ten or more storey building,2023,2023,15852,,,
DATAFLOW,STATSNZ:CEN23_TBT_001(1.0),"Totals by topic for dwellings, (NZ total), 2013, 2018, and 2023 Censuses",I,dt2111,Residential care for older people,2013,2013,822,,,
DATAFLOW,STATSNZ:CEN23_TBT_001(1.0),"Totals by topic for dwellings, (NZ total), 2013, 2018, and 2023 Censuses",I,dt2116,Educational institution,2018,2018,339,,,
DATAFLOW,STATSNZ:CEN23_TBT_001(1.0),"Totals by topic for dwellings, (NZ total), 2013, 2018, and 2023 Censuses",I,dt2211,"Hotel, motel or guest accommodation",2023,2023,5349,,,
DATAFLOW,STATSNZ:CEN23_TBT_001(1.0),"Totals by topic for dwellings, (NZ total), 2013, 2018, and 2023 Censuses",I,dt2218,Marae complex,2013,2013,42,,,
DATAFLOW,STATSNZ:CEN23_TBT_001(1.0),"Totals by topic for dwellings, (NZ total), 2013, 2018, and 2023 Censuses",I,aa9,Not elsewhere included,2018,2018,134412,,,
DATAFLOW,STATSNZ:CEN23_TBT_001(1.0),"Totals by topic for dwellings, (NZ total), 2013, 2018, and 2023 Censuses",I,dd03,Not damp,2018,2018,1162485,,,
DATAFLOW,STATSNZ:CEN23_TBT_001(1.0),"Totals by topic for dwellings, (NZ total), 2013, 2018, and 2023 Censuses",I,he1,Heat pump,2023,2023,1095009,,,
DATAFLOW,STATSNZ:CEN23_TBT_001(1.0),"Totals by topic for dwellings, (NZ total), 2013, 2018, and 2023 Censuses",I,dm01,Mould over A4 size - always,2018,2018,64536,,,
DATAFLOW,STATSNZ:CEN23_TBT_001(1.0),"Totals by topic for dwellings, (NZ total), 2013, 2018, and 2023 Censuses",I,nrmea,Average - number of rooms,2013,2013,6.3,,,
DATAFLOW,STATSNZ:CEN23_TBT_001(1.0),"Totals by topic for dwellings, (NZ total), 2013, 2018, and 2023 Censuses",I,nb005,Five bedrooms,2013,2013,85308,,,
DATAFLOW,STATSNZ:CEN23_TBT_001(1.0),"Totals by topic for dwellings, (NZ total), 2013, 2018, and 2023 Censuses",I,ft018,Other fuel(s),2023,2023,7965,,,
DATAFLOW,STATSNZ:CEN23_TBT_001(1.0),"Totals by topic for dwellings, (NZ total), 2013, 2018, and 2023 Censuses",I,ftTS,Total stated - fuel types used to heat dwellings,2018,2018,1526637,,,
DATAFLOW,STATSNZ:CEN23_TBT_001(1.0),"Totals by topic for dwellings, (NZ total), 2013, 2018, and 2023 Censuses",I,nr001,One room,2023,2023,4701,,,
DATAFLOW,STATSNZ:CEN23_TBT_001(1.0),"Totals by topic for dwellings, (NZ total), 2013, 2018, and 2023 Censuses",I,nr002,Two rooms,2018,2018,10203,,,
DATAFLOW,STATSNZ:CEN23_TBT_001(1.0),"Totals by topic for dwellings, (NZ total), 2013, 2018, and 2023 Censuses",I,nr002,Two rooms,2023,2023,11424,,,
DATAFLOW,STATSNZ:CEN23_TBT_001(1.0),"Totals by topic for dwellings, (NZ total), 2013, 2018, and 2023 Censuses",I,nr008,Eight rooms,2013,2013,170658,,,
DATAFLOW,STATSNZ:CEN23_TBT_001(1.0),"Totals by topic for dwellings, (NZ total), 2013, 2018, and 2023 Censuses",I,nr018,Eighteen rooms,2018,2018,1047,,,
DATAFLOW,STATSNZ:CEN23_TBT_001(1.0),"Totals by topic for dwellings, (NZ total), 2013, 2018, and 2023 Censuses",I,nr999,Not elsewhere included,2018,2018,1005,,,
DATAFLOW,STATSNZ:CEN23_TBT_001(1.0),"Totals by topic for dwellings, (NZ total), 2013, 2018, and 2023 Censuses",I,nrTS,Total stated - number of rooms,2013,2013,1471218,,,
DATAFLOW,STATSNZ:CEN23_TBT_001(1.0),"Totals by topic for dwellings, (NZ total), 2013, 2018, and 2023 Censuses",I,doTotal,Dwelling occupancy status - total dwellings,2023,2023,2056578,,,
DATAFLOW,STATSNZ:CEN23_TBT_001(1.0),"Totals by topic for dwellings, (NZ total), 2013, 2018, and 2023 Censuses",I,dt1215,Joined dwelling in a seven to nine storey building,2013,2013,,,_U,Not available
DATAFLOW,STATSNZ:CEN23_TBT_001(1.0),"Totals by topic for dwellings, (NZ total), 2013, 2018, and 2023 Censuses",I,dt1215,Joined dwelling in a seven to nine storey building,2018,2018,2805,,,
DATAFLOW,STATSNZ:CEN23_TBT_001(1.0),"Totals by topic for dwellings, (NZ total), 2013, 2018, and 2023 Censuses",I,dt1215,Joined dwelling in a seven to nine storey building,2023,2023,6798,,,
DATAFLOW,STATSNZ:CEN23_TBT_001(1.0),"Totals by topic for dwellings, (NZ total), 2013, 2018, and 2023 Censuses",I,dt2117,Religious institution,2018,2018,78,,,
DATAFLOW,STATSNZ:CEN23_TBT_001(1.0),"Totals by topic for dwellings, (NZ total), 2013, 2018, and 2023 Censuses",I,dt2117,Religious institution,2023,2023,84,,,
DATAFLOW,STATSNZ:CEN23_TBT_001(1.0),"Totals by topic for dwellings, (NZ total), 2013, 2018, and 2023 Censuses",I,dt2213,Motor camp/camping ground,2013,2013,453,,,
DATAFLOW,STATSNZ:CEN23_TBT_001(1.0),"Totals by topic for dwellings, (NZ total), 2013, 2018, and 2023 Censuses",I,dt2214,"Work, construction or training camp",2013,2013,24,,,
DATAFLOW,STATSNZ:CEN23_TBT_001(1.0),"Totals by topic for dwellings, (NZ total), 2013, 2018, and 2023 Censuses",I,dt2214,"Work, construction or training camp",2018,2018,39,,,
DATAFLOW,STATSNZ:CEN23_TBT_001(1.0),"Totals by topic for dwellings, (NZ total), 2013, 2018, and 2023 Censuses",I,aa1,Cooking facilities,2023,2023,1620678,,,
DATAFLOW,STATSNZ:CEN23_TBT_001(1.0),"Totals by topic for dwellings, (NZ total), 2013, 2018, and 2023 Censuses",I,aa4,Refrigerator,2018,2018,1481430,,,
DATAFLOW,STATSNZ:CEN23_TBT_001(1.0),"Totals by topic for dwellings, (NZ total), 2013, 2018, and 2023 Censuses",I,aa5,Bath or shower,2018,2018,1514472,,,
DATAFLOW,STATSNZ:CEN23_TBT_001(1.0),"Totals by topic for dwellings, (NZ total), 2013, 2018, and 2023 Censuses",I,he9,Not elsewhere included,2023,2023,154605,,,
DATAFLOW,STATSNZ:CEN23_TBT_001(1.0),"Totals by topic for dwellings, (NZ total), 2013, 2018, and 2023 Censuses",I,dm01,Mould over A4 size - always,2023,2023,55896,,,
DATAFLOW,STATSNZ:CEN23_TBT_001(1.0),"Totals by topic for dwellings, (NZ total), 2013, 2018, and 2023 Censuses",I,nb006,Six bedrooms,2013,2013,16491,,,
DATAFLOW,STATSNZ:CEN23_TBT_001(1.0),"Totals by topic for dwellings, (NZ total), 2013, 2018, and 2023 Censuses",I,nb006,Six bedrooms,2023,2023,22098,,,
DATAFLOW,STATSNZ:CEN23_TBT_001(1.0),"Totals by topic for dwellings, (NZ total), 2013, 2018, and 2023 Censuses",I,nb007,Seven bedrooms,2018,2018,3975,,,
DATAFLOW,STATSNZ:CEN23_TBT_001(1.0),"Totals by topic for dwellings, (NZ total), 2013, 2018, and 2023 Censuses",I,nb013,Thirteen bedrooms,2013,2013,96,,,
DATAFLOW,STATSNZ:CEN23_TBT_001(1.0),"Totals by topic for dwellings, (NZ total), 2013, 2018, and 2023 Censuses",I,ft011,Electricity,2023,2023,1376958,,,
DATAFLOW,STATSNZ:CEN23_TBT_001(1.0),"Totals by topic for dwellings, (NZ total), 2013, 2018, and 2023 Censuses",I,ft018,Other fuel(s),2013,2013,23118,,,
DATAFLOW,STATSNZ:CEN23_TBT_001(1.0),"Totals by topic for dwellings, (NZ total), 2013, 2018, and 2023 Censuses",I,na5,5 or more absentees,2013,2013,390,,,
DATAFLOW,STATSNZ:CEN23_TBT_001(1.0),"Totals by topic for dwellings, (NZ total), 2013, 2018, and 2023 Censuses",I,naTS,Total stated - number of absentees,2018,2018,,,s,Suppressed
DATAFLOW,STATSNZ:CEN23_TBT_001(1.0),"Totals by topic for dwellings, (NZ total), 2013, 2018, and 2023 Censuses",I,nr009,Nine rooms,2013,2013,87075,,,
DATAFLOW,STATSNZ:CEN23_TBT_001(1.0),"Totals by topic for dwellings, (NZ total), 2013, 2018, and 2023 Censuses",I,nr010,Ten rooms,2018,2018,55923,,,
DATAFLOW,STATSNZ:CEN23_TBT_001(1.0),"Totals by topic for dwellings, (NZ total), 2013, 2018, and 2023 Censuses",I,nr015,Fifteen rooms,2023,2023,270,,,
DATAFLOW,STATSNZ:CEN23_TBT_001(1.0),"Totals by topic for dwellings, (NZ total), 2013, 2018, and 2023 Censuses",I,nrTS,Total stated - number of rooms,2023,2023,1792935,,,
DATAFLOW,STATSNZ:CEN23_TBT_001(1.0),"Totals by topic for dwellings, (NZ total), 2013, 2018, and 2023 Censuses",I,do21,Residents Away,2018,2018,98664,,,
DATAFLOW,STATSNZ:CEN23_TBT_001(1.0),"Totals by topic for dwellings, (NZ total), 2013, 2018, and 2023 Censuses",I,dt1000,Private dwelling not further defined,2023,2023,2412,,,
DATAFLOW,STATSNZ:CEN23_TBT_001(1.0),"Totals by topic for dwellings, (NZ total), 2013, 2018, and 2023 Censuses",I,dt1214,Joined dwelling in a four to six storey building,2013,2013,23145,,,
DATAFLOW,STATSNZ:CEN23_TBT_001(1.0),"Totals by topic for dwellings, (NZ total), 2013, 2018, and 2023 Censuses",I,dt1216,Joined dwelling in a ten or more storey building,2018,2018,4848,,,
DATAFLOW,STATSNZ:CEN23_TBT_001(1.0),"Totals by topic for dwellings, (NZ total), 2013, 2018, and 2023 Censuses",I,dt2000,Non-private dwelling not further defined,2013,2013,144,,,
DATAFLOW,STATSNZ:CEN23_TBT_001(1.0),"Totals by topic for dwellings, (NZ total), 2013, 2018, and 2023 Censuses",I,dt2111,Residential care for older people,2018,2018,756,,,
DATAFLOW,STATSNZ:CEN23_TBT_001(1.0),"Totals by topic for dwellings, (NZ total), 2013, 2018, and 2023 Censuses",I,dt2116,Educational institution,2013,2013,297,,,
DATAFLOW,STATSNZ:CEN23_TBT_001(1.0),"Totals by topic for dwellings, (NZ total), 2013, 2018, and 2023 Censuses",I,dt2116,Educational institution,2023,2023,324,,,
DATAFLOW,STATSNZ:CEN23_TBT_001(1.0),"Totals by topic for dwellings, (NZ total), 2013, 2018, and 2023 Censuses",I,dt2215,"Youth, school or Scout/Guide camp",2018,2018,204,,,
DATAFLOW,STATSNZ:CEN23_TBT_001(1.0),"Totals by topic for dwellings, (NZ total), 2013, 2018, and 2023 Censuses",I,aa9,Not elsewhere included,2023,2023,152967,,,
DATAFLOW,STATSNZ:CEN23_TBT_001(1.0),"Totals by topic for dwellings, (NZ total), 2013, 2018, and 2023 Censuses",I,heTS,Total stated - main types of heating used,2023,2023,1639005,,,
DATAFLOW,STATSNZ:CEN23_TBT_001(1.0),"Totals by topic for dwellings, (NZ total), 2013, 2018, and 2023 Censuses",I,dm02,Mould over A4 size - sometimes,2018,2018,188319,,,
DATAFLOW,STATSNZ:CEN23_TBT_001(1.0),"Totals by topic for dwellings, (NZ total), 2013, 2018, and 2023 Censuses",I,nb008,Eight bedrooms,2023,2023,1521,,,
DATAFLOW,STATSNZ:CEN23_TBT_001(1.0),"Totals by topic for dwellings, (NZ total), 2013, 2018, and 2023 Censuses",I,nb010,Ten bedrooms,2023,2023,15,,,
DATAFLOW,STATSNZ:CEN23_TBT_001(1.0),"Totals by topic for dwellings, (NZ total), 2013, 2018, and 2023 Censuses",I,nb012,Twelve bedrooms,2023,2023,18,,,
DATAFLOW,STATSNZ:CEN23_TBT_001(1.0),"Totals by topic for dwellings, (NZ total), 2013, 2018, and 2023 Censuses",I,ft012,Gas,2013,2013,393291,,,
DATAFLOW,STATSNZ:CEN23_TBT_001(1.0),"Totals by topic for dwellings, (NZ total), 2013, 2018, and 2023 Censuses",I,ft014,Coal,2013,2013,60999,,,
DATAFLOW,STATSNZ:CEN23_TBT_001(1.0),"Totals by topic for dwellings, (NZ total), 2013, 2018, and 2023 Censuses",I,na3,3 absentees,2018,2018,,,s,Suppressed
DATAFLOW,STATSNZ:CEN23_TBT_001(1.0),"Totals by topic for dwellings, (NZ total), 2013, 2018, and 2023 Censuses",I,na5,5 or more absentees,2018,2018,,,s,Suppressed
DATAFLOW,STATSNZ:CEN23_TBT_001(1.0),"Totals by topic for dwellings, (NZ total), 2013, 2018, and 2023 Censuses",I,na5,5 or more absentees,2023,2023,387,,,
DATAFLOW,STATSNZ:CEN23_TBT_001(1.0),"Totals by topic for dwellings, (NZ total), 2013, 2018, and 2023 Censuses",I,naTS,Total stated - number of absentees,2013,2013,1561959,,,
DATAFLOW,STATSNZ:CEN23_TBT_001(1.0),"Totals by topic for dwellings, (NZ total), 2013, 2018, and 2023 Censuses",I,nr011,Eleven rooms,2018,2018,25533,,,
DATAFLOW,STATSNZ:CEN23_TBT_001(1.0),"Totals by topic for dwellings, (NZ total), 2013, 2018, and 2023 Censuses",I,nr013,Thirteen rooms,2018,2018,7053,,,
DATAFLOW,STATSNZ:CEN23_TBT_001(1.0),"Totals by topic for dwellings, (NZ total), 2013, 2018, and 2023 Censuses",I,do3,Dwelling Under Construction,2023,2023,27309,,,
DATAFLOW,STATSNZ:CEN23_TBT_001(1.0),"Totals by topic for dwellings, (NZ total), 2013, 2018, and 2023 Censuses",I,dt1,Private dwelling,2023,2023,1793613,,,
DATAFLOW,STATSNZ:CEN23_TBT_001(1.0),"Totals by topic for dwellings, (NZ total), 2013, 2018, and 2023 Censuses",I,dtTotal,Dwelling type - total occupied dwellings,2013,2013,1570695,,,
DATAFLOW,STATSNZ:CEN23_TBT_001(1.0),"Totals by topic for dwellings, (NZ total), 2013, 2018, and 2023 Censuses",I,dt1000,Private dwelling not further defined,2013,2013,91065,,,
DATAFLOW,STATSNZ:CEN23_TBT_001(1.0),"Totals by topic for dwellings, (NZ total), 2013, 2018, and 2023 Censuses",I,dt2113,Private hospital,2018,2018,72,,,
DATAFLOW,STATSNZ:CEN23_TBT_001(1.0),"Totals by topic for dwellings, (NZ total), 2013, 2018, and 2023 Censuses",I,dt2115,Welfare institution,2018,2018,90,,,
DATAFLOW,STATSNZ:CEN23_TBT_001(1.0),"Totals by topic for dwellings, (NZ total), 2013, 2018, and 2023 Censuses",I,dd02,Sometimes damp,2023,2023,251448,,,
DATAFLOW,STATSNZ:CEN23_TBT_001(1.0),"Totals by topic for dwellings, (NZ total), 2013, 2018, and 2023 Censuses",I,ddTotal,Dwelling dampness - total occupied private dwellings,2018,2018,1664313,,,
DATAFLOW,STATSNZ:CEN23_TBT_001(1.0),"Totals by topic for dwellings, (NZ total), 2013, 2018, and 2023 Censuses",I,ddTotal,Dwelling dampness - total occupied private dwellings,2023,2023,1793613,,,
DATAFLOW,STATSNZ:CEN23_TBT_001(1.0),"Totals by topic for dwellings, (NZ total), 2013, 2018, and 2023 Censuses",I,he4,Portable gas heater,2018,2018,96570,,,
DATAFLOW,STATSNZ:CEN23_TBT_001(1.0),"Totals by topic for dwellings, (NZ total), 2013, 2018, and 2023 Censuses",I,he4,Portable gas heater,2023,2023,40797,,,
DATAFLOW,STATSNZ:CEN23_TBT_001(1.0),"Totals by topic for dwellings, (NZ total), 2013, 2018, and 2023 Censuses",I,nb006,Six bedrooms,2018,2018,18372,,,
DATAFLOW,STATSNZ:CEN23_TBT_001(1.0),"Totals by topic for dwellings, (NZ total), 2013, 2018, and 2023 Censuses",I,nb011,Eleven bedrooms,2013,2013,120,,,
DATAFLOW,STATSNZ:CEN23_TBT_001(1.0),"Totals by topic for dwellings, (NZ total), 2013, 2018, and 2023 Censuses",I,nbTS,Total stated - number of bedrooms,2018,2018,1663326,,,
DATAFLOW,STATSNZ:CEN23_TBT_001(1.0),"Totals by topic for dwellings, (NZ total), 2013, 2018, and 2023 Censuses",I,ft011,Electricity,2018,2018,1150047,,,
DATAFLOW,STATSNZ:CEN23_TBT_001(1.0),"Totals by topic for dwellings, (NZ total), 2013, 2018, and 2023 Censuses",I,ft013,Wood,2023,2023,478545,,,
DATAFLOW,STATSNZ:CEN23_TBT_001(1.0),"Totals by topic for dwellings, (NZ total), 2013, 2018, and 2023 Censuses",I,ft016,Solar power,2013,2013,23409,,,
DATAFLOW,STATSNZ:CEN23_TBT_001(1.0),"Totals by topic for dwellings, (NZ total), 2013, 2018, and 2023 Censuses",I,na1,1 absentee,2018,2018,,,s,Suppressed
DATAFLOW,STATSNZ:CEN23_TBT_001(1.0),"Totals by topic for dwellings, (NZ total), 2013, 2018, and 2023 Censuses",I,nr003,Three rooms,2023,2023,59073,,,
DATAFLOW,STATSNZ:CEN23_TBT_001(1.0),"Totals by topic for dwellings, (NZ total), 2013, 2018, and 2023 Censuses",I,nr007,Seven rooms,2023,2023,351729,,,
DATAFLOW,STATSNZ:CEN23_TBT_001(1.0),"Totals by topic for dwellings, (NZ total), 2013, 2018, and 2023 Censuses",I,nr015,Fifteen rooms,2018,2018,3099,,,
DATAFLOW,STATSNZ:CEN23_TBT_001(1.0),"Totals by topic for dwellings, (NZ total), 2013, 2018, and 2023 Censuses",I,nr017,Seventeen rooms,2023,2023,39,,,
DATAFLOW,STATSNZ:CEN23_TBT_001(1.0),"Totals by topic for dwellings, (NZ total), 2013, 2018, and 2023 Censuses",I,nr018,Eighteen rooms,2013,2013,564,,,
DATAFLOW,STATSNZ:CEN23_TBT_001(1.0),"Totals by topic for dwellings, (NZ total), 2013, 2018, and 2023 Censuses",I,do21,Residents Away,2023,2023,113499,,,
DATAFLOW,STATSNZ:CEN23_TBT_001(1.0),"Totals by topic for dwellings, (NZ total), 2013, 2018, and 2023 Censuses",I,do1,Occupied Dwelling,2018,2018,1673880,,,
DATAFLOW,STATSNZ:CEN23_TBT_001(1.0),"Totals by topic for dwellings, (NZ total), 2013, 2018, and 2023 Censuses",I,dt1113,Separate house with two or more storeys,2018,2018,355740,,,
DATAFLOW,STATSNZ:CEN23_TBT_001(1.0),"Totals by topic for dwellings, (NZ total), 2013, 2018, and 2023 Censuses",I,dt1214,Joined dwelling in a four to six storey building,2018,2018,9339,,,
DATAFLOW,STATSNZ:CEN23_TBT_001(1.0),"Totals by topic for dwellings, (NZ total), 2013, 2018, and 2023 Censuses",I,dt1313,Improvised dwelling or shelter,2023,2023,2250,,,
DATAFLOW,STATSNZ:CEN23_TBT_001(1.0),"Totals by topic for dwellings, (NZ total), 2013, 2018, and 2023 Censuses",I,dt1314,Roofless or rough sleeper,2013,2013,27,,,
DATAFLOW,STATSNZ:CEN23_TBT_001(1.0),"Totals by topic for dwellings, (NZ total), 2013, 2018, and 2023 Censuses",I,dt2118,Prison or penal institution,2013,2013,42,,,
DATAFLOW,STATSNZ:CEN23_TBT_001(1.0),"Totals by topic for dwellings, (NZ total), 2013, 2018, and 2023 Censuses",I,dt2216,Communal staff quarters,2018,2018,252,,,
DATAFLOW,STATSNZ:CEN23_TBT_001(1.0),"Totals by topic for dwellings, (NZ total), 2013, 2018, and 2023 Censuses",I,aa6,Toilet,2018,2018,1515042,,,
DATAFLOW,STATSNZ:CEN23_TBT_001(1.0),"Totals by topic for dwellings, (NZ total), 2013, 2018, and 2023 Censuses",I,ddTS,Total stated - dwelling dampness,2023,2023,1593645,,,
DATAFLOW,STATSNZ:CEN23_TBT_001(1.0),"Totals by topic for dwellings, (NZ total), 2013, 2018, and 2023 Censuses",I,he2,Electric heater,2018,2018,675018,,,
DATAFLOW,STATSNZ:CEN23_TBT_001(1.0),"Totals by topic for dwellings, (NZ total), 2013, 2018, and 2023 Censuses",I,he8,Other types of heating,2023,2023,43245,,,
DATAFLOW,STATSNZ:CEN23_TBT_001(1.0),"Totals by topic for dwellings, (NZ total), 2013, 2018, and 2023 Censuses",I,nb003,Three bedrooms,2018,2018,723327,,,
DATAFLOW,STATSNZ:CEN23_TBT_001(1.0),"Totals by topic for dwellings, (NZ total), 2013, 2018, and 2023 Censuses",I,nb004,Four bedrooms,2018,2018,396981,,,
DATAFLOW,STATSNZ:CEN23_TBT_001(1.0),"Totals by topic for dwellings, (NZ total), 2013, 2018, and 2023 Censuses",I,nb005,Five bedrooms,2018,2018,97752,,,
DATAFLOW,STATSNZ:CEN23_TBT_001(1.0),"Totals by topic for dwellings, (NZ total), 2013, 2018, and 2023 Censuses",I,ft015,Home heating oil,2023,2023,12,,,
DATAFLOW,STATSNZ:CEN23_TBT_001(1.0),"Totals by topic for dwellings, (NZ total), 2013, 2018, and 2023 Censuses",I,nr001,One room,2018,2018,3711,,,
DATAFLOW,STATSNZ:CEN23_TBT_001(1.0),"Totals by topic for dwellings, (NZ total), 2013, 2018, and 2023 Censuses",I,nr004,Four rooms,2013,2013,150051,,,
DATAFLOW,STATSNZ:CEN23_TBT_001(1.0),"Totals by topic for dwellings, (NZ total), 2013, 2018, and 2023 Censuses",I,nr004,Four rooms,2023,2023,149598,,,
DATAFLOW,STATSNZ:CEN23_TBT_001(1.0),"Totals by topic for dwellings, (NZ total), 2013, 2018, and 2023 Censuses",I,nr005,Five rooms,2013,2013,254037,,,
DATAFLOW,STATSNZ:CEN23_TBT_001(1.0),"Totals by topic for dwellings, (NZ total), 2013, 2018, and 2023 Censuses",I,nr006,Six rooms,2013,2013,374355,,,
DATAFLOW,STATSNZ:CEN23_TBT_001(1.0),"Totals by topic for dwellings, (NZ total), 2013, 2018, and 2023 Censuses",I,nr018,Eighteen rooms,2023,2023,6,,,
DATAFLOW,STATSNZ:CEN23_TBT_001(1.0),"Totals by topic for dwellings, (NZ total), 2013, 2018, and 2023 Censuses",I,nr019,Nineteen rooms,2023,2023,6,,,
DATAFLOW,STATSNZ:CEN23_TBT_001(1.0),"Totals by topic for dwellings, (NZ total), 2013, 2018, and 2023 Censuses",I,nr020,Twenty or more rooms,2013,2013,1404,,,
DATAFLOW,STATSNZ:CEN23_TBT_001(1.0),"Totals by topic for dwellings, (NZ total), 2013, 2018, and 2023 Censuses",I,nr020,Twenty or more rooms,2023,2023,93,,,
DATAFLOW,STATSNZ:CEN23_TBT_001(1.0),"Totals by topic for dwellings, (NZ total), 2013, 2018, and 2023 Censuses",I,doTotal,Dwelling occupancy status - total dwellings,2018,2018,1886517,,,
DATAFLOW,STATSNZ:CEN23_TBT_001(1.0),"Totals by topic for dwellings, (NZ total), 2013, 2018, and 2023 Censuses",I,dt1213,Joined dwelling in a two or three storey building,2018,2018,85563,,,
DATAFLOW,STATSNZ:CEN23_TBT_001(1.0),"Totals by topic for dwellings, (NZ total), 2013, 2018, and 2023 Censuses",I,dt1311,Dwelling in a motor camp,2013,2013,2556,,,
DATAFLOW,STATSNZ:CEN23_TBT_001(1.0),"Totals by topic for dwellings, (NZ total), 2013, 2018, and 2023 Censuses",I,dt1313,Improvised dwelling or shelter,2013,2013,2616,,,
DATAFLOW,STATSNZ:CEN23_TBT_001(1.0),"Totals by topic for dwellings, (NZ total), 2013, 2018, and 2023 Censuses",I,dt2118,Prison or penal institution,2023,2023,51,,,
DATAFLOW,STATSNZ:CEN23_TBT_001(1.0),"Totals by topic for dwellings, (NZ total), 2013, 2018, and 2023 Censuses",I,dt2119,Defence establishment,2013,2013,27,,,
DATAFLOW,STATSNZ:CEN23_TBT_001(1.0),"Totals by topic for dwellings, (NZ total), 2013, 2018, and 2023 Censuses",I,dt2119,Defence establishment,2023,2023,18,,,
DATAFLOW,STATSNZ:CEN23_TBT_001(1.0),"Totals by topic for dwellings, (NZ total), 2013, 2018, and 2023 Censuses",I,dt2120,Night shelter,2023,2023,6,,,
DATAFLOW,STATSNZ:CEN23_TBT_001(1.0),"Totals by topic for dwellings, (NZ total), 2013, 2018, and 2023 Censuses",I,dt2211,"Hotel, motel or guest accommodation",2013,2013,4866,,,
DATAFLOW,STATSNZ:CEN23_TBT_001(1.0),"Totals by topic for dwellings, (NZ total), 2013, 2018, and 2023 Censuses",I,aa0,None of these,2023,2023,7074,,,
DATAFLOW,STATSNZ:CEN23_TBT_001(1.0),"Totals by topic for dwellings, (NZ total), 2013, 2018, and 2023 Censuses",I,he0,No heating used,2018,2018,60819,,,
DATAFLOW,STATSNZ:CEN23_TBT_001(1.0),"Totals by topic for dwellings, (NZ total), 2013, 2018, and 2023 Censuses",I,dm99,Not elsewhere included,2018,2018,170964,,,
DATAFLOW,STATSNZ:CEN23_TBT_001(1.0),"Totals by topic for dwellings, (NZ total), 2013, 2018, and 2023 Censuses",I,dmTS,Total stated - dwelling mould,2018,2018,1493349,,,
DATAFLOW,STATSNZ:CEN23_TBT_001(1.0),"Totals by topic for dwellings, (NZ total), 2013, 2018, and 2023 Censuses",I,nb009,Nine bedrooms,2013,2013,513,,,
DATAFLOW,STATSNZ:CEN23_TBT_001(1.0),"Totals by topic for dwellings, (NZ total), 2013, 2018, and 2023 Censuses",I,nb009,Nine bedrooms,2023,2023,705,,,
DATAFLOW,STATSNZ:CEN23_TBT_001(1.0),"Totals by topic for dwellings, (NZ total), 2013, 2018, and 2023 Censuses",I,nb010,Ten bedrooms,2013,2013,210,,,
DATAFLOW,STATSNZ:CEN23_TBT_001(1.0),"Totals by topic for dwellings, (NZ total), 2013, 2018, and 2023 Censuses",I,nb999,Not elsewhere included,2018,2018,987,,,
DATAFLOW,STATSNZ:CEN23_TBT_001(1.0),"Totals by topic for dwellings, (NZ total), 2013, 2018, and 2023 Censuses",I,ft014,Coal,2023,2023,11280,,,
DATAFLOW,STATSNZ:CEN23_TBT_001(1.0),"Totals by topic for dwellings, (NZ total), 2013, 2018, and 2023 Censuses",I,ft015,Home heating oil,2013,2013,0,,,
DATAFLOW,STATSNZ:CEN23_TBT_001(1.0),"Totals by topic for dwellings, (NZ total), 2013, 2018, and 2023 Censuses",I,na9,Not elsewhere included,2023,2023,0,,,
DATAFLOW,STATSNZ:CEN23_TBT_001(1.0),"Totals by topic for dwellings, (NZ total), 2013, 2018, and 2023 Censuses",I,nr005,Five rooms,2023,2023,265143,,,
DATAFLOW,STATSNZ:CEN23_TBT_001(1.0),"Totals by topic for dwellings, (NZ total), 2013, 2018, and 2023 Censuses",I,nr014,Fourteen rooms,2018,2018,4251,,,
DATAFLOW,STATSNZ:CEN23_TBT_001(1.0),"Totals by topic for dwellings, (NZ total), 2013, 2018, and 2023 Censuses",I,nr019,Nineteen rooms,2013,2013,258,,,
DATAFLOW,STATSNZ:CEN23_TBT_001(1.0),"Totals by topic for dwellings, (NZ total), 2013, 2018, and 2023 Censuses",I,nrTotal,Number of rooms - total occupied private dwellings,2018,2018,1664313,,,
DATAFLOW,STATSNZ:CEN23_TBT_001(1.0),"Totals by topic for dwellings, (NZ total), 2013, 2018, and 2023 Censuses",I,dt1212,Joined dwelling in a one storey building,2018,2018,124848,,,
DATAFLOW,STATSNZ:CEN23_TBT_001(1.0),"Totals by topic for dwellings, (NZ total), 2013, 2018, and 2023 Censuses",I,dt1311,Dwelling in a motor camp,2023,2023,3384,,,
DATAFLOW,STATSNZ:CEN23_TBT_001(1.0),"Totals by topic for dwellings, (NZ total), 2013, 2018, and 2023 Censuses",I,dt1312,Mobile dwelling not in a motor camp,2013,2013,5586,,,
DATAFLOW,STATSNZ:CEN23_TBT_001(1.0),"Totals by topic for dwellings, (NZ total), 2013, 2018, and 2023 Censuses",I,dt1312,Mobile dwelling not in a motor camp,2023,2023,9909,,,
DATAFLOW,STATSNZ:CEN23_TBT_001(1.0),"Totals by topic for dwellings, (NZ total), 2013, 2018, and 2023 Censuses",I,dt2114,Residential and community care facilities,2018,2018,1515,,,
DATAFLOW,STATSNZ:CEN23_TBT_001(1.0),"Totals by topic for dwellings, (NZ total), 2013, 2018, and 2023 Censuses",I,dt2120,Night shelter,2013,2013,6,,,
DATAFLOW,STATSNZ:CEN23_TBT_001(1.0),"Totals by topic for dwellings, (NZ total), 2013, 2018, and 2023 Censuses",I,dt2218,Marae complex,2018,2018,81,,,
DATAFLOW,STATSNZ:CEN23_TBT_001(1.0),"Totals by topic for dwellings, (NZ total), 2013, 2018, and 2023 Censuses",I,aa7,Electricity supply,2018,2018,1503675,,,
DATAFLOW,STATSNZ:CEN23_TBT_001(1.0),"Totals by topic for dwellings, (NZ total), 2013, 2018, and 2023 Censuses",I,aaTotal,Access to basic amenities (total responses) - total occupied private dwellings,2023,2023,1793613,,,
DATAFLOW,STATSNZ:CEN23_TBT_001(1.0),"Totals by topic for dwellings, (NZ total), 2013, 2018, and 2023 Censuses",I,aaTS,Total stated - access to basic amenities,2018,2018,1529901,,,
DATAFLOW,STATSNZ:CEN23_TBT_001(1.0),"Totals by topic for dwellings, (NZ total), 2013, 2018, and 2023 Censuses",I,dd03,Not damp,2023,2023,1305390,,,
DATAFLOW,STATSNZ:CEN23_TBT_001(1.0),"Totals by topic for dwellings, (NZ total), 2013, 2018, and 2023 Censuses",I,he1,Heat pump,2018,2018,723792,,,
DATAFLOW,STATSNZ:CEN23_TBT_001(1.0),"Totals by topic for dwellings, (NZ total), 2013, 2018, and 2023 Censuses",I,he6,Pellet fire,2023,2023,14193,,,
DATAFLOW,STATSNZ:CEN23_TBT_001(1.0),"Totals by topic for dwellings, (NZ total), 2013, 2018, and 2023 Censuses",I,nb012,Twelve bedrooms,2013,2013,111,,,
DATAFLOW,STATSNZ:CEN23_TBT_001(1.0),"Totals by topic for dwellings, (NZ total), 2013, 2018, and 2023 Censuses",I,nb013,Thirteen bedrooms,2018,2018,6,,,
DATAFLOW,STATSNZ:CEN23_TBT_001(1.0),"Totals by topic for dwellings, (NZ total), 2013, 2018, and 2023 Censuses",I,nb013,Thirteen bedrooms,2023,2023,6,,,
DATAFLOW,STATSNZ:CEN23_TBT_001(1.0),"Totals by topic for dwellings, (NZ total), 2013, 2018, and 2023 Censuses",I,nbTS,Total stated - number of bedrooms,2013,2013,1482165,,,
DATAFLOW,STATSNZ:CEN23_TBT_001(1.0),"Totals by topic for dwellings, (NZ total), 2013, 2018, and 2023 Censuses",I,ft011,Electricity,2013,2013,1168911,,,
DATAFLOW,STATSNZ:CEN23_TBT_001(1.0),"Totals by topic for dwellings, (NZ total), 2013, 2018, and 2023 Censuses",I,ft012,Gas,2018,2018,276666,,,
DATAFLOW,STATSNZ:CEN23_TBT_001(1.0),"Totals by topic for dwellings, (NZ total), 2013, 2018, and 2023 Censuses",I,na4,4 absentees,2018,2018,,,s,Suppressed
DATAFLOW,STATSNZ:CEN23_TBT_001(1.0),"Totals by topic for dwellings, (NZ total), 2013, 2018, and 2023 Censuses",I,na9,Not elsewhere included,2013,2013,0,,,
DATAFLOW,STATSNZ:CEN23_TBT_001(1.0),"Totals by topic for dwellings, (NZ total), 2013, 2018, and 2023 Censuses",I,nr012,Twelve rooms,2023,2023,11184,,,
DATAFLOW,STATSNZ:CEN23_TBT_001(1.0),"Totals by topic for dwellings, (NZ total), 2013, 2018, and 2023 Censuses",I,nr015,Fifteen rooms,2013,2013,1803,,,
DATAFLOW,STATSNZ:CEN23_TBT_001(1.0),"Totals by topic for dwellings, (NZ total), 2013, 2018, and 2023 Censuses",I,dtTotal,Dwelling type - total occupied dwellings,2018,2018,1673880,,,
DATAFLOW,STATSNZ:CEN23_TBT_001(1.0),"Totals by topic for dwellings, (NZ total), 2013, 2018, and 2023 Censuses",I,dtTotal,Dwelling type - total occupied dwellings,2023,2023,1804101,,,
DATAFLOW,STATSNZ:CEN23_TBT_001(1.0),"Totals by topic for dwellings, (NZ total), 2013, 2018, and 2023 Censuses",I,dt1111,Separate house no storey information,2013,2013,4482,,,
DATAFLOW,STATSNZ:CEN23_TBT_001(1.0),"Totals by topic for dwellings, (NZ total), 2013, 2018, and 2023 Censuses",I,dt1212,Joined dwelling in a one storey building,2013,2013,149583,,,
DATAFLOW,STATSNZ:CEN23_TBT_001(1.0),"Totals by topic for dwellings, (NZ total), 2013, 2018, and 2023 Censuses",I,dt2000,Non-private dwelling not further defined,2018,2018,0,,,
DATAFLOW,STATSNZ:CEN23_TBT_001(1.0),"Totals by topic for dwellings, (NZ total), 2013, 2018, and 2023 Censuses",I,dt2000,Non-private dwelling not further defined,2023,2023,9,,,
DATAFLOW,STATSNZ:CEN23_TBT_001(1.0),"Totals by topic for dwellings, (NZ total), 2013, 2018, and 2023 Censuses",I,dt2217,Commercial vessel,2018,2018,48,,,
DATAFLOW,STATSNZ:CEN23_TBT_001(1.0),"Totals by topic for dwellings, (NZ total), 2013, 2018, and 2023 Censuses",I,dt2217,Commercial vessel,2023,2023,87,,,
DATAFLOW,STATSNZ:CEN23_TBT_001(1.0),"Totals by topic for dwellings, (NZ total), 2013, 2018, and 2023 Censuses",I,dd01,Always damp,2023,2023,36801,,,
DATAFLOW,STATSNZ:CEN23_TBT_001(1.0),"Totals by topic for dwellings, (NZ total), 2013, 2018, and 2023 Censuses",I,he3,Fixed gas heater,2023,2023,156492,,,
DATAFLOW,STATSNZ:CEN23_TBT_001(1.0),"Totals by topic for dwellings, (NZ total), 2013, 2018, and 2023 Censuses",I,he7,Coal burner,2018,2018,18813,,,
DATAFLOW,STATSNZ:CEN23_TBT_001(1.0),"Totals by topic for dwellings, (NZ total), 2013, 2018, and 2023 Censuses",I,he7,Coal burner,2023,2023,11037,,,
DATAFLOW,STATSNZ:CEN23_TBT_001(1.0),"Totals by topic for dwellings, (NZ total), 2013, 2018, and 2023 Censuses",I,nb008,Eight bedrooms,2013,2013,1206,,,
DATAFLOW,STATSNZ:CEN23_TBT_001(1.0),"Totals by topic for dwellings, (NZ total), 2013, 2018, and 2023 Censuses",I,nb009,Nine bedrooms,2018,2018,393,,,
DATAFLOW,STATSNZ:CEN23_TBT_001(1.0),"Totals by topic for dwellings, (NZ total), 2013, 2018, and 2023 Censuses",I,nb999,Not elsewhere included,2023,2023,705,,,
DATAFLOW,STATSNZ:CEN23_TBT_001(1.0),"Totals by topic for dwellings, (NZ total), 2013, 2018, and 2023 Censuses",I,nbTotal,Number of bedrooms - total occupied private dwellings,2023,2023,1793613,,,
DATAFLOW,STATSNZ:CEN23_TBT_001(1.0),"Totals by topic for dwellings, (NZ total), 2013, 2018, and 2023 Censuses",I,ft012,Gas,2023,2023,201618,,,
DATAFLOW,STATSNZ:CEN23_TBT_001(1.0),"Totals by topic for dwellings, (NZ total), 2013, 2018, and 2023 Censuses",I,ft016,Solar power,2023,2023,555,,,
DATAFLOW,STATSNZ:CEN23_TBT_001(1.0),"Totals by topic for dwellings, (NZ total), 2013, 2018, and 2023 Censuses",I,na3,3 absentees,2013,2013,3054,,,
DATAFLOW,STATSNZ:CEN23_TBT_001(1.0),"Totals by topic for dwellings, (NZ total), 2013, 2018, and 2023 Censuses",I,nr007,Seven rooms,2013,2013,251775,,,
DATAFLOW,STATSNZ:CEN23_TBT_001(1.0),"Totals by topic for dwellings, (NZ total), 2013, 2018, and 2023 Censuses",I,nr008,Eight rooms,2018,2018,222825,,,
DATAFLOW,STATSNZ:CEN23_TBT_001(1.0),"Totals by topic for dwellings, (NZ total), 2013, 2018, and 2023 Censuses",I,nr011,Eleven rooms,2013,2013,18900,,,
DATAFLOW,STATSNZ:CEN23_TBT_001(1.0),"Totals by topic for dwellings, (NZ total), 2013, 2018, and 2023 Censuses",I,nr012,Twelve rooms,2018,2018,13029,,,
DATAFLOW,STATSNZ:CEN23_TBT_001(1.0),"Totals by topic for dwellings, (NZ total), 2013, 2018, and 2023 Censuses",I,nr016,Sixteen rooms,2018,2018,2340,,,
DATAFLOW,STATSNZ:CEN23_TBT_001(1.0),"Totals by topic for dwellings, (NZ total), 2013, 2018, and 2023 Censuses",I,do2,Unoccupied Dwelling,2023,2023,225168,,,
DATAFLOW,STATSNZ:CEN23_TBT_001(1.0),"Totals by topic for dwellings, (NZ total), 2013, 2018, and 2023 Censuses",I,dt1112,Separate house with one storey,2023,2023,1030608,,,
DATAFLOW,STATSNZ:CEN23_TBT_001(1.0),"Totals by topic for dwellings, (NZ total), 2013, 2018, and 2023 Censuses",I,dt1312,Mobile dwelling not in a motor camp,2018,2018,5892,,,
DATAFLOW,STATSNZ:CEN23_TBT_001(1.0),"Totals by topic for dwellings, (NZ total), 2013, 2018, and 2023 Censuses",I,dt2114,Residential and community care facilities,2023,2023,1371,,,
DATAFLOW,STATSNZ:CEN23_TBT_001(1.0),"Totals by topic for dwellings, (NZ total), 2013, 2018, and 2023 Censuses",I,dt2213,Motor camp/camping ground,2018,2018,606,,,
DATAFLOW,STATSNZ:CEN23_TBT_001(1.0),"Totals by topic for dwellings, (NZ total), 2013, 2018, and 2023 Censuses",I,aa7,Electricity supply,2023,2023,1610241,,,
DATAFLOW,STATSNZ:CEN23_TBT_001(1.0),"Totals by topic for dwellings, (NZ total), 2013, 2018, and 2023 Censuses",I,he3,Fixed gas heater,2018,2018,179571,,,
DATAFLOW,STATSNZ:CEN23_TBT_001(1.0),"Totals by topic for dwellings, (NZ total), 2013, 2018, and 2023 Censuses",I,heTotal,Main types of heating used (total responses) - total occupied private dwellings,2018,2018,1664313,,,
DATAFLOW,STATSNZ:CEN23_TBT_001(1.0),"Totals by topic for dwellings, (NZ total), 2013, 2018, and 2023 Censuses",I,nb004,Four bedrooms,2023,2023,429849,,,
DATAFLOW,STATSNZ:CEN23_TBT_001(1.0),"Totals by topic for dwellings, (NZ total), 2013, 2018, and 2023 Censuses",I,nb007,Seven bedrooms,2013,2013,3684,,,
DATAFLOW,STATSNZ:CEN23_TBT_001(1.0),"Totals by topic for dwellings, (NZ total), 2013, 2018, and 2023 Censuses",I,ft017,No fuels used in this dwelling,2023,2023,39900,,,
DATAFLOW,STATSNZ:CEN23_TBT_001(1.0),"Totals by topic for dwellings, (NZ total), 2013, 2018, and 2023 Censuses",I,ft999,Not elsewhere included,2018,2018,154746,,,
DATAFLOW,STATSNZ:CEN23_TBT_001(1.0),"Totals by topic for dwellings, (NZ total), 2013, 2018, and 2023 Censuses",I,ftTS,Total stated - fuel types used to heat dwellings,2013,2013,1475565,,,
DATAFLOW,STATSNZ:CEN23_TBT_001(1.0),"Totals by topic for dwellings, (NZ total), 2013, 2018, and 2023 Censuses",I,na0,No absentees,2018,2018,,,s,Suppressed
DATAFLOW,STATSNZ:CEN23_TBT_001(1.0),"Totals by topic for dwellings, (NZ total), 2013, 2018, and 2023 Censuses",I,naTotal,Number of absentees - total occupied private dwellings,2013,2013,1561959,,,
DATAFLOW,STATSNZ:CEN23_TBT_001(1.0),"Totals by topic for dwellings, (NZ total), 2013, 2018, and 2023 Censuses",I,nr003,Three rooms,2013,2013,63138,,,
DATAFLOW,STATSNZ:CEN23_TBT_001(1.0),"Totals by topic for dwellings, (NZ total), 2013, 2018, and 2023 Censuses",I,nr003,Three rooms,2018,2018,51981,,,
DATAFLOW,STATSNZ:CEN23_TBT_001(1.0),"Totals by topic for dwellings, (NZ total), 2013, 2018, and 2023 Censuses",I,nr004,Four rooms,2018,2018,135111,,,
DATAFLOW,STATSNZ:CEN23_TBT_001(1.0),"Totals by topic for dwellings, (NZ total), 2013, 2018, and 2023 Censuses",I,nr016,Sixteen rooms,2023,2023,90,,,
DATAFLOW,STATSNZ:CEN23_TBT_001(1.0),"Totals by topic for dwellings, (NZ total), 2013, 2018, and 2023 Censuses",I,nr999,Not elsewhere included,2013,2013,90738,,,
DATAFLOW,STATSNZ:CEN23_TBT_001(1.0),"Totals by topic for dwellings, (NZ total), 2013, 2018, and 2023 Censuses",I,nrTotal,Number of rooms - total occupied private dwellings,2023,2023,1793613,,,
DATAFLOW,STATSNZ:CEN23_TBT_001(1.0),"Totals by topic for dwellings, (NZ total), 2013, 2018, and 2023 Censuses",I,do2,Unoccupied Dwelling,2018,2018,196506,,,
DATAFLOW,STATSNZ:CEN23_TBT_001(1.0),"Totals by topic for dwellings, (NZ total), 2013, 2018, and 2023 Censuses",I,do1,Occupied Dwelling,2013,2013,1570695,,,
DATAFLOW,STATSNZ:CEN23_TBT_001(1.0),"Totals by topic for dwellings, (NZ total), 2013, 2018, and 2023 Censuses",I,dt1213,Joined dwelling in a two or three storey building,2023,2023,136455,,,
DATAFLOW,STATSNZ:CEN23_TBT_001(1.0),"Totals by topic for dwellings, (NZ total), 2013, 2018, and 2023 Censuses",I,dt1214,Joined dwelling in a four to six storey building,2023,2023,21432,,,
DATAFLOW,STATSNZ:CEN23_TBT_001(1.0),"Totals by topic for dwellings, (NZ total), 2013, 2018, and 2023 Censuses",I,dt1216,Joined dwelling in a ten or more storey building,2013,2013,,,_U,Not available
DATAFLOW,STATSNZ:CEN23_TBT_001(1.0),"Totals by topic for dwellings, (NZ total), 2013, 2018, and 2023 Censuses",I,dt1311,Dwelling in a motor camp,2018,2018,1878,,,
DATAFLOW,STATSNZ:CEN23_TBT_001(1.0),"Totals by topic for dwellings, (NZ total), 2013, 2018, and 2023 Censuses",I,dt2119,Defence establishment,2018,2018,21,,,
DATAFLOW,STATSNZ:CEN23_TBT_001(1.0),"Totals by topic for dwellings, (NZ total), 2013, 2018, and 2023 Censuses",I,dt2212,Boarding house,2013,2013,174,,,
DATAFLOW,STATSNZ:CEN23_TBT_001(1.0),"Totals by topic for dwellings, (NZ total), 2013, 2018, and 2023 Censuses",I,aa3,Kitchen sink,2018,2018,1513830,,,
DATAFLOW,STATSNZ:CEN23_TBT_001(1.0),"Totals by topic for dwellings, (NZ total), 2013, 2018, and 2023 Censuses",I,aa3,Kitchen sink,2023,2023,1623393,,,
DATAFLOW,STATSNZ:CEN23_TBT_001(1.0),"Totals by topic for dwellings, (NZ total), 2013, 2018, and 2023 Censuses",I,dd99,Not elsewhere included,2023,2023,199968,,,
DATAFLOW,STATSNZ:CEN23_TBT_001(1.0),"Totals by topic for dwellings, (NZ total), 2013, 2018, and 2023 Censuses",I,dm03,No mould/mould smaller than A4 size,2018,2018,1240494,,,
DATAFLOW,STATSNZ:CEN23_TBT_001(1.0),"Totals by topic for dwellings, (NZ total), 2013, 2018, and 2023 Censuses",I,nrmea,Average - number of rooms,2023,2023,6.5,,,
DATAFLOW,STATSNZ:CEN23_TBT_001(1.0),"Totals by topic for dwellings, (NZ total), 2013, 2018, and 2023 Censuses",I,nb001,One bedroom,2018,2018,102831,,,
DATAFLOW,STATSNZ:CEN23_TBT_001(1.0),"Totals by topic for dwellings, (NZ total), 2013, 2018, and 2023 Censuses",I,nb005,Five bedrooms,2023,2023,107451,,,
DATAFLOW,STATSNZ:CEN23_TBT_001(1.0),"Totals by topic for dwellings, (NZ total), 2013, 2018, and 2023 Censuses",I,nb008,Eight bedrooms,2018,2018,1110,,,
DATAFLOW,STATSNZ:CEN23_TBT_001(1.0),"Totals by topic for dwellings, (NZ total), 2013, 2018, and 2023 Censuses",I,nbTotal,Number of bedrooms - total occupied private dwellings,2018,2018,1664313,,,
DATAFLOW,STATSNZ:CEN23_TBT_001(1.0),"Totals by topic for dwellings, (NZ total), 2013, 2018, and 2023 Censuses",I,ft013,Wood,2018,2018,513561,,,
DATAFLOW,STATSNZ:CEN23_TBT_001(1.0),"Totals by topic for dwellings, (NZ total), 2013, 2018, and 2023 Censuses",I,na4,4 absentees,2023,2023,1287,,,
DATAFLOW,STATSNZ:CEN23_TBT_001(1.0),"Totals by topic for dwellings, (NZ total), 2013, 2018, and 2023 Censuses",I,naTotal,Number of absentees - total occupied private dwellings,2018,2018,1664313,,,
DATAFLOW,STATSNZ:CEN23_TBT_001(1.0),"Totals by topic for dwellings, (NZ total), 2013, 2018, and 2023 Censuses",I,nr002,Two rooms,2013,2013,20001,,,
DATAFLOW,STATSNZ:CEN23_TBT_001(1.0),"Totals by topic for dwellings, (NZ total), 2013, 2018, and 2023 Censuses",I,nr008,Eight rooms,2023,2023,242973,,,
DATAFLOW,STATSNZ:CEN23_TBT_001(1.0),"Totals by topic for dwellings, (NZ total), 2013, 2018, and 2023 Censuses",I,nr016,Sixteen rooms,2013,2013,1284,,,
DATAFLOW,STATSNZ:CEN23_TBT_001(1.0),"Totals by topic for dwellings, (NZ total), 2013, 2018, and 2023 Censuses",I,nr017,Seventeen rooms,2018,2018,1527,,,
DATAFLOW,STATSNZ:CEN23_TBT_001(1.0),"Totals by topic for dwellings, (NZ total), 2013, 2018, and 2023 Censuses",I,do1,Occupied Dwelling,2023,2023,1804101,,,
DATAFLOW,STATSNZ:CEN23_TBT_001(1.0),"Totals by topic for dwellings, (NZ total), 2013, 2018, and 2023 Censuses",I,dt2,Non-private dwelling,2013,2013,8739,,,
DATAFLOW,STATSNZ:CEN23_TBT_001(1.0),"Totals by topic for dwellings, (NZ total), 2013, 2018, and 2023 Censuses",I,dt1112,Separate house with one storey,2018,2018,957996,,,
DATAFLOW,STATSNZ:CEN23_TBT_001(1.0),"Totals by topic for dwellings, (NZ total), 2013, 2018, and 2023 Censuses",I,dt2115,Welfare institution,2023,2023,129,,,
DATAFLOW,STATSNZ:CEN23_TBT_001(1.0),"Totals by topic for dwellings, (NZ total), 2013, 2018, and 2023 Censuses",I,dt2117,Religious institution,2013,2013,60,,,
DATAFLOW,STATSNZ:CEN23_TBT_001(1.0),"Totals by topic for dwellings, (NZ total), 2013, 2018, and 2023 Censuses",I,dt2118,Prison or penal institution,2018,2018,45,,,
DATAFLOW,STATSNZ:CEN23_TBT_001(1.0),"Totals by topic for dwellings, (NZ total), 2013, 2018, and 2023 Censuses",I,dt2212,Boarding house,2023,2023,372,,,
DATAFLOW,STATSNZ:CEN23_TBT_001(1.0),"Totals by topic for dwellings, (NZ total), 2013, 2018, and 2023 Censuses",I,dt2213,Motor camp/camping ground,2023,2023,753,,,
DATAFLOW,STATSNZ:CEN23_TBT_001(1.0),"Totals by topic for dwellings, (NZ total), 2013, 2018, and 2023 Censuses",I,aa2,Tap water that is safe to drink,2023,2023,1583256,,,
DATAFLOW,STATSNZ:CEN23_TBT_001(1.0),"Totals by topic for dwellings, (NZ total), 2013, 2018, and 2023 Censuses",I,dd01,Always damp,2018,2018,44520,,,
DATAFLOW,STATSNZ:CEN23_TBT_001(1.0),"Totals by topic for dwellings, (NZ total), 2013, 2018, and 2023 Censuses",I,he2,Electric heater,2023,2023,617205,,,
DATAFLOW,STATSNZ:CEN23_TBT_001(1.0),"Totals by topic for dwellings, (NZ total), 2013, 2018, and 2023 Censuses",I,dmTotal,Dwelling mould - total occupied private dwellings,2023,2023,1793613,,,
DATAFLOW,STATSNZ:CEN23_TBT_001(1.0),"Totals by topic for dwellings, (NZ total), 2013, 2018, and 2023 Censuses",I,nb010,Ten bedrooms,2018,2018,15,,,
DATAFLOW,STATSNZ:CEN23_TBT_001(1.0),"Totals by topic for dwellings, (NZ total), 2013, 2018, and 2023 Censuses",I,nb012,Twelve bedrooms,2018,2018,6,,,
DATAFLOW,STATSNZ:CEN23_TBT_001(1.0),"Totals by topic for dwellings, (NZ total), 2013, 2018, and 2023 Censuses",I,nb014,Fourteen or more bedrooms,2018,2018,45,,,
DATAFLOW,STATSNZ:CEN23_TBT_001(1.0),"Totals by topic for dwellings, (NZ total), 2013, 2018, and 2023 Censuses",I,nb999,Not elsewhere included,2013,2013,79794,,,
DATAFLOW,STATSNZ:CEN23_TBT_001(1.0),"Totals by topic for dwellings, (NZ total), 2013, 2018, and 2023 Censuses",I,nbTotal,Number of bedrooms - total occupied private dwellings,2013,2013,1561959,,,
DATAFLOW,STATSNZ:CEN23_TBT_001(1.0),"Totals by topic for dwellings, (NZ total), 2013, 2018, and 2023 Censuses",I,na1,1 absentee,2023,2023,86781,,,
DATAFLOW,STATSNZ:CEN23_TBT_001(1.0),"Totals by topic for dwellings, (NZ total), 2013, 2018, and 2023 Censuses",I,na3,3 absentees,2023,2023,4032,,,
DATAFLOW,STATSNZ:CEN23_TBT_001(1.0),"Totals by topic for dwellings, (NZ total), 2013, 2018, and 2023 Censuses",I,na4,4 absentees,2013,2013,798,,,
DATAFLOW,STATSNZ:CEN23_TBT_001(1.0),"Totals by topic for dwellings, (NZ total), 2013, 2018, and 2023 Censuses",I,na9,Not elsewhere included,2018,2018,,,s,Suppressed
DATAFLOW,STATSNZ:CEN23_TBT_001(1.0),"Totals by topic for dwellings, (NZ total), 2013, 2018, and 2023 Censuses",I,nr009,Nine rooms,2023,2023,131370,,,
DATAFLOW,STATSNZ:CEN23_TBT_001(1.0),"Totals by topic for dwellings, (NZ total), 2013, 2018, and 2023 Censuses",I,nr011,Eleven rooms,2023,2023,24858,,,
DATAFLOW,STATSNZ:CEN23_TBT_001(1.0),"Totals by topic for dwellings, (NZ total), 2013, 2018, and 2023 Censuses",I,nr014,Fourteen rooms,2013,2013,3411,,,
DATAFLOW,STATSNZ:CEN23_TBT_001(1.0),"Totals by topic for dwellings, (NZ total), 2013, 2018, and 2023 Censuses",I,dt1,Private dwelling,2018,2018,1664313,,,
DATAFLOW,STATSNZ:CEN23_TBT_001(1.0),"Totals by topic for dwellings, (NZ total), 2013, 2018, and 2023 Censuses",I,dt2,Non-private dwelling,2023,2023,10491,,,
DATAFLOW,STATSNZ:CEN23_TBT_001(1.0),"Totals by topic for dwellings, (NZ total), 2013, 2018, and 2023 Censuses",I,dt1111,Separate house no storey information,2018,2018,86211,,,
DATAFLOW,STATSNZ:CEN23_TBT_001(1.0),"Totals by topic for dwellings, (NZ total), 2013, 2018, and 2023 Censuses",I,dt1112,Separate house with one storey,2013,2013,896301,,,
DATAFLOW,STATSNZ:CEN23_TBT_001(1.0),"Totals by topic for dwellings, (NZ total), 2013, 2018, and 2023 Censuses",I,dt2111,Residential care for older people,2023,2023,840,,,
DATAFLOW,STATSNZ:CEN23_TBT_001(1.0),"Totals by topic for dwellings, (NZ total), 2013, 2018, and 2023 Censuses",I,dt2112,Public hospital,2013,2013,120,,,
DATAFLOW,STATSNZ:CEN23_TBT_001(1.0),"Totals by topic for dwellings, (NZ total), 2013, 2018, and 2023 Censuses",I,dt2113,Private hospital,2023,2023,75,,,
DATAFLOW,STATSNZ:CEN23_TBT_001(1.0),"Totals by topic for dwellings, (NZ total), 2013, 2018, and 2023 Censuses",I,dt2114,Residential and community care facilities,2013,2013,1059,,,
DATAFLOW,STATSNZ:CEN23_TBT_001(1.0),"Totals by topic for dwellings, (NZ total), 2013, 2018, and 2023 Censuses",I,dt2218,Marae complex,2023,2023,135,,,
DATAFLOW,STATSNZ:CEN23_TBT_001(1.0),"Totals by topic for dwellings, (NZ total), 2013, 2018, and 2023 Censuses",I,aaTS,Total stated - access to basic amenities,2023,2023,1640646,,,
DATAFLOW,STATSNZ:CEN23_TBT_001(1.0),"Totals by topic for dwellings, (NZ total), 2013, 2018, and 2023 Censuses",I,dd02,Sometimes damp,2018,2018,274371,,,
DATAFLOW,STATSNZ:CEN23_TBT_001(1.0),"Totals by topic for dwellings, (NZ total), 2013, 2018, and 2023 Censuses",I,ddTS,Total stated - dwelling dampness,2018,2018,1481376,,,
DATAFLOW,STATSNZ:CEN23_TBT_001(1.0),"Totals by topic for dwellings, (NZ total), 2013, 2018, and 2023 Censuses",I,he6,Pellet fire,2018,2018,15093,,,
DATAFLOW,STATSNZ:CEN23_TBT_001(1.0),"Totals by topic for dwellings, (NZ total), 2013, 2018, and 2023 Censuses",I,nbmea,Average - number of bedrooms,2013,2013,3.1,,,
DATAFLOW,STATSNZ:CEN23_TBT_001(1.0),"Totals by topic for dwellings, (NZ total), 2013, 2018, and 2023 Censuses",I,nb004,Four bedrooms,2013,2013,346941,,,
DATAFLOW,STATSNZ:CEN23_TBT_001(1.0),"Totals by topic for dwellings, (NZ total), 2013, 2018, and 2023 Censuses",I,nb014,Fourteen or more bedrooms,2023,2023,72,,,
DATAFLOW,STATSNZ:CEN23_TBT_001(1.0),"Totals by topic for dwellings, (NZ total), 2013, 2018, and 2023 Censuses",I,ft015,Home heating oil,2018,2018,24,,,
DATAFLOW,STATSNZ:CEN23_TBT_001(1.0),"Totals by topic for dwellings, (NZ total), 2013, 2018, and 2023 Censuses",I,ft999,Not elsewhere included,2013,2013,86391,,,
DATAFLOW,STATSNZ:CEN23_TBT_001(1.0),"Totals by topic for dwellings, (NZ total), 2013, 2018, and 2023 Censuses",I,ftTotal,Fuel types used to heat dwellings (total responses) - total occupied private dwellings,2013,2013,1561959,,,
DATAFLOW,STATSNZ:CEN23_TBT_001(1.0),"Totals by topic for dwellings, (NZ total), 2013, 2018, and 2023 Censuses",I,naTotal,Number of absentees - total occupied private dwellings,2023,2023,1793613,,,
DATAFLOW,STATSNZ:CEN23_TBT_001(1.0),"Totals by topic for dwellings, (NZ total), 2013, 2018, and 2023 Censuses",I,nr001,One room,2013,2013,11112,,,
DATAFLOW,STATSNZ:CEN23_TBT_001(1.0),"Totals by topic for dwellings, (NZ total), 2013, 2018, and 2023 Censuses",I,nr005,Five rooms,2018,2018,235251,,,
DATAFLOW,STATSNZ:CEN23_TBT_001(1.0),"Totals by topic for dwellings, (NZ total), 2013, 2018, and 2023 Censuses",I,nr009,Nine rooms,2018,2018,122301,,,
DATAFLOW,STATSNZ:CEN23_TBT_001(1.0),"Totals by topic for dwellings, (NZ total), 2013, 2018, and 2023 Censuses",I,nr010,Ten rooms,2013,2013,44535,,,
DATAFLOW,STATSNZ:CEN23_TBT_001(1.0),"Totals by topic for dwellings, (NZ total), 2013, 2018, and 2023 Censuses",I,nr013,Thirteen rooms,2023,2023,5298,,,
DATAFLOW,STATSNZ:CEN23_TBT_001(1.0),"Totals by topic for dwellings, (NZ total), 2013, 2018, and 2023 Censuses",I,nr019,Nineteen rooms,2018,2018,654,,,
DATAFLOW,STATSNZ:CEN23_TBT_001(1.0),"Totals by topic for dwellings, (NZ total), 2013, 2018, and 2023 Censuses",I,do3,Dwelling Under Construction,2018,2018,16128,,,
DATAFLOW,STATSNZ:CEN23_TBT_001(1.0),"Totals by topic for dwellings, (NZ total), 2013, 2018, and 2023 Censuses",I,dt2,Non-private dwelling,2018,2018,9567,,,
DATAFLOW,STATSNZ:CEN23_TBT_001(1.0),"Totals by topic for dwellings, (NZ total), 2013, 2018, and 2023 Censuses",I,dt1111,Separate house no storey information,2023,2023,9759,,,
DATAFLOW,STATSNZ:CEN23_TBT_001(1.0),"Totals by topic for dwellings, (NZ total), 2013, 2018, and 2023 Censuses",I,dt1212,Joined dwelling in a one storey building,2023,2023,174300,,,
DATAFLOW,STATSNZ:CEN23_TBT_001(1.0),"Totals by topic for dwellings, (NZ total), 2013, 2018, and 2023 Censuses",I,dt1213,Joined dwelling in a two or three storey building,2013,2013,91968,,,
DATAFLOW,STATSNZ:CEN23_TBT_001(1.0),"Totals by topic for dwellings, (NZ total), 2013, 2018, and 2023 Censuses",I,dt2214,"Work, construction or training camp",2023,2023,75,,,
DATAFLOW,STATSNZ:CEN23_TBT_001(1.0),"Totals by topic for dwellings, (NZ total), 2013, 2018, and 2023 Censuses",I,dt2215,"Youth, school or Scout/Guide camp",2013,2013,162,,,
DATAFLOW,STATSNZ:CEN23_TBT_001(1.0),"Totals by topic for dwellings, (NZ total), 2013, 2018, and 2023 Censuses",I,aa4,Refrigerator,2023,2023,1591116,,,
DATAFLOW,STATSNZ:CEN23_TBT_001(1.0),"Totals by topic for dwellings, (NZ total), 2013, 2018, and 2023 Censuses",I,aaTotal,Access to basic amenities (total responses) - total occupied private dwellings,2018,2018,1664313,,,
DATAFLOW,STATSNZ:CEN23_TBT_001(1.0),"Totals by topic for dwellings, (NZ total), 2013, 2018, and 2023 Censuses",I,he0,No heating used,2023,2023,39900,,,
DATAFLOW,STATSNZ:CEN23_TBT_001(1.0),"Totals by topic for dwellings, (NZ total), 2013, 2018, and 2023 Censuses",I,he9,Not elsewhere included,2018,2018,146136,,,
DATAFLOW,STATSNZ:CEN23_TBT_001(1.0),"Totals by topic for dwellings, (NZ total), 2013, 2018, and 2023 Censuses",I,dm99,Not elsewhere included,2023,2023,189744,,,
DATAFLOW,STATSNZ:CEN23_TBT_001(1.0),"Totals by topic for dwellings, (NZ total), 2013, 2018, and 2023 Censuses",I,dmTotal,Dwelling mould - total occupied private dwellings,2018,2018,1664313,,,
DATAFLOW,STATSNZ:CEN23_TBT_001(1.0),"Totals by topic for dwellings, (NZ total), 2013, 2018, and 2023 Censuses",I,nb001,One bedroom,2023,2023,123783,,,
DATAFLOW,STATSNZ:CEN23_TBT_001(1.0),"Totals by topic for dwellings, (NZ total), 2013, 2018, and 2023 Censuses",I,nb002,Two bedrooms,2023,2023,349614,,,
DATAFLOW,STATSNZ:CEN23_TBT_001(1.0),"Totals by topic for dwellings, (NZ total), 2013, 2018, and 2023 Censuses",I,nb003,Three bedrooms,2023,2023,752424,,,
DATAFLOW,STATSNZ:CEN23_TBT_001(1.0),"Totals by topic for dwellings, (NZ total), 2013, 2018, and 2023 Censuses",I,ft017,No fuels used in this dwelling,2018,2018,60819,,,
DATAFLOW,STATSNZ:CEN23_TBT_001(1.0),"Totals by topic for dwellings, (NZ total), 2013, 2018, and 2023 Censuses",I,ft999,Not elsewhere included,2023,2023,158256,,,
DATAFLOW,STATSNZ:CEN23_TBT_001(1.0),"Totals by topic for dwellings, (NZ total), 2013, 2018, and 2023 Censuses",I,na0,No absentees,2013,2013,1485639,,,
DATAFLOW,STATSNZ:CEN23_TBT_001(1.0),"Totals by topic for dwellings, (NZ total), 2013, 2018, and 2023 Censuses",I,nr006,Six rooms,2018,2018,436599,,,
DATAFLOW,STATSNZ:CEN23_TBT_001(1.0),"Totals by topic for dwellings, (NZ total), 2013, 2018, and 2023 Censuses",I,nr020,Twenty or more rooms,2018,2018,12723,,,
DATAFLOW,STATSNZ:CEN23_TBT_001(1.0),"Totals by topic for dwellings, (NZ total), 2013, 2018, and 2023 Censuses",I,nrTS,Total stated - number of rooms,2018,2018,1663305,,,
DATAFLOW,STATSNZ:CEN23_TBT_001(1.0),"Totals by topic for dwellings, (NZ total), 2013, 2018, and 2023 Censuses",I,dt1211,Joined dwelling no storey information,2023,2023,12300,,,
DATAFLOW,STATSNZ:CEN23_TBT_001(1.0),"Totals by topic for dwellings, (NZ total), 2013, 2018, and 2023 Censuses",I,dt2120,Night shelter,2018,2018,9,,,
DATAFLOW,STATSNZ:CEN23_TBT_001(1.0),"Totals by topic for dwellings, (NZ total), 2013, 2018, and 2023 Censuses",I,dt2211,"Hotel, motel or guest accommodation",2018,2018,5061,,,
DATAFLOW,STATSNZ:CEN23_TBT_001(1.0),"Totals by topic for dwellings, (NZ total), 2013, 2018, and 2023 Censuses",I,dt2212,Boarding house,2018,2018,243,,,
DATAFLOW,STATSNZ:CEN23_TBT_001(1.0),"Totals by topic for dwellings, (NZ total), 2013, 2018, and 2023 Censuses",I,dt2216,Communal staff quarters,2013,2013,255,,,
DATAFLOW,STATSNZ:CEN23_TBT_001(1.0),"Totals by topic for dwellings, (NZ total), 2013, 2018, and 2023 Censuses",I,aa0,None of these,2018,2018,5979,,,
DATAFLOW,STATSNZ:CEN23_TBT_001(1.0),"Totals by topic for dwellings, (NZ total), 2013, 2018, and 2023 Censuses",I,aa2,Tap water that is safe to drink,2018,2018,1481133,,,
DATAFLOW,STATSNZ:CEN23_TBT_001(1.0),"Totals by topic for dwellings, (NZ total), 2013, 2018, and 2023 Censuses",I,dm02,Mould over A4 size - sometimes,2023,2023,168063,,,
DATAFLOW,STATSNZ:CEN23_TBT_001(1.0),"Totals by topic for dwellings, (NZ total), 2013, 2018, and 2023 Censuses",I,dm03,No mould/mould smaller than A4 size,2023,2023,1379907,,,
DATAFLOW,STATSNZ:CEN23_TBT_001(1.0),"Totals by topic for dwellings, (NZ total), 2013, 2018, and 2023 Censuses",I,dmTS,Total stated - dwelling mould,2023,2023,1603869,,,
DATAFLOW,STATSNZ:CEN23_TBT_001(1.0),"Totals by topic for dwellings, (NZ total), 2013, 2018, and 2023 Censuses",I,nrmea,Average - number of rooms,2018,2018,6.7,,,
DATAFLOW,STATSNZ:CEN23_TBT_001(1.0),"Totals by topic for dwellings, (NZ total), 2013, 2018, and 2023 Censuses",I,nb002,Two bedrooms,2013,2013,283005,,,
DATAFLOW,STATSNZ:CEN23_TBT_001(1.0),"Totals by topic for dwellings, (NZ total), 2013, 2018, and 2023 Censuses",I,nb003,Three bedrooms,2013,2013,659529,,,
DATAFLOW,STATSNZ:CEN23_TBT_001(1.0),"Totals by topic for dwellings, (NZ total), 2013, 2018, and 2023 Censuses",I,nb011,Eleven bedrooms,2018,2018,12,,,
DATAFLOW,STATSNZ:CEN23_TBT_001(1.0),"Totals by topic for dwellings, (NZ total), 2013, 2018, and 2023 Censuses",I,nbTS,Total stated - number of bedrooms,2023,2023,1792908,,,
DATAFLOW,STATSNZ:CEN23_TBT_001(1.0),"Totals by topic for dwellings, (NZ total), 2013, 2018, and 2023 Censuses",I,ft016,Solar power,2018,2018,603,,,
DATAFLOW,STATSNZ:CEN23_TBT_001(1.0),"Totals by topic for dwellings, (NZ total), 2013, 2018, and 2023 Censuses",I,na0,No absentees,2023,2023,1682238,,,
DATAFLOW,STATSNZ:CEN23_TBT_001(1.0),"Totals by topic for dwellings, (NZ total), 2013, 2018, and 2023 Censuses",I,na1,1 absentee,2013,2013,58833,,,
DATAFLOW,STATSNZ:CEN23_TBT_001(1.0),"Totals by topic for dwellings, (NZ total), 2013, 2018, and 2023 Censuses",I,na2,2 absentees,2013,2013,13242,,,
DATAFLOW,STATSNZ:CEN23_TBT_001(1.0),"Totals by topic for dwellings, (NZ total), 2013, 2018, and 2023 Censuses",I,nr007,Seven rooms,2018,2018,318141,,,
DATAFLOW,STATSNZ:CEN23_TBT_001(1.0),"Totals by topic for dwellings, (NZ total), 2013, 2018, and 2023 Censuses",I,nr012,Twelve rooms,2013,2013,11232,,,
DATAFLOW,STATSNZ:CEN23_TBT_001(1.0),"Totals by topic for dwellings, (NZ total), 2013, 2018, and 2023 Censuses",I,dt1113,Separate house with two or more storeys,2023,2023,367701,,,
DATAFLOW,STATSNZ:CEN23_TBT_001(1.0),"Totals by topic for dwellings, (NZ total), 2013, 2018, and 2023 Censuses",I,dt1211,Joined dwelling no storey information,2013,2013,2055,,,
DATAFLOW,STATSNZ:CEN23_TBT_001(1.0),"Totals by topic for dwellings, (NZ total), 2013, 2018, and 2023 Censuses",I,dt1313,Improvised dwelling or shelter,2018,2018,3042,,,
DATAFLOW,STATSNZ:CEN23_TBT_001(1.0),"Totals by topic for dwellings, (NZ total), 2013, 2018, and 2023 Censuses",I,dt1314,Roofless or rough sleeper,2018,2018,132,,,
DATAFLOW,STATSNZ:CEN23_TBT_001(1.0),"Totals by topic for dwellings, (NZ total), 2013, 2018, and 2023 Censuses",I,dt2112,Public hospital,2023,2023,66,,,
DATAFLOW,STATSNZ:CEN23_TBT_001(1.0),"Totals by topic for dwellings, (NZ total), 2013, 2018, and 2023 Censuses",I,dt2113,Private hospital,2013,2013,51,,,
DATAFLOW,STATSNZ:CEN23_TBT_001(1.0),"Totals by topic for dwellings, (NZ total), 2013, 2018, and 2023 Censuses",I,dt2216,Communal staff quarters,2023,2023,465,,,
DATAFLOW,STATSNZ:CEN23_TBT_001(1.0),"Totals by topic for dwellings, (NZ total), 2013, 2018, and 2023 Censuses",I,dt2217,Commercial vessel,2013,2013,69,,,
DATAFLOW,STATSNZ:CEN23_TBT_001(1.0),"Totals by topic for dwellings, (NZ total), 2013, 2018, and 2023 Censuses",I,aa1,Cooking facilities,2018,2018,1512414,,,
DATAFLOW,STATSNZ:CEN23_TBT_001(1.0),"Totals by topic for dwellings, (NZ total), 2013, 2018, and 2023 Censuses",I,aa5,Bath or shower,2023,2023,1623312,,,
DATAFLOW,STATSNZ:CEN23_TBT_001(1.0),"Totals by topic for dwellings, (NZ total), 2013, 2018, and 2023 Censuses",I,aa6,Toilet,2023,2023,1624785,,,
DATAFLOW,STATSNZ:CEN23_TBT_001(1.0),"Totals by topic for dwellings, (NZ total), 2013, 2018, and 2023 Censuses",I,dd99,Not elsewhere included,2018,2018,182937,,,
DATAFLOW,STATSNZ:CEN23_TBT_001(1.0),"Totals by topic for dwellings, (NZ total), 2013, 2018, and 2023 Censuses",I,he8,Other types of heating,2018,2018,45132,,,
DATAFLOW,STATSNZ:CEN23_TBT_001(1.0),"Totals by topic for dwellings, (NZ total), 2013, 2018, and 2023 Censuses",I,heTotal,Main types of heating used (total responses) - total occupied private dwellings,2023,2023,1793613,,,
DATAFLOW,STATSNZ:CEN23_TBT_001(1.0),"Totals by topic for dwellings, (NZ total), 2013, 2018, and 2023 Censuses",I,nbmea,Average - number of bedrooms,2023,2023,3.1,,,
